row_index,fold,group,actual,predicted,sex,age_years,score_no_anemia_no_deficiency,score_latent_deficiency,score_iron_deficiency_anemia,score_B12_deficiency_anemia,score_B12_deficiency_no_anemia,score_folate_deficiency_anemia,score_folate_deficiency_no_anemia,score_B6_deficiency,score_copper_deficiency,score_inflammation_anemia,score_mixed_deficiency,score_anemia_other
0,3,0,B12_deficiency_no_anemia,no_anemia_no_deficiency,M,64,0.38690060548567456,0.04198414083386984,0.001997058823529412,0.004872627637589492,0.28428914457327875,0.021674900059649234,0.19054721298037855,0.024335604545603753,0.009551533357371722,0.011937054188453767,0.006800659284317935,0.015109458230282915
1,4,1,folate_deficiency_no_anemia,no_anemia_no_deficiency,F,52,0.19686786353703956,0.018796965324890506,0.05360406801038301,0.09037193991571141,0.08586432743715658,0.09291800146612723,0.14314192869961684,0.03580605856375673,0.0645664443395199,0.025302270752413637,0.030665113099342306,0.16209501885404234
2,5,2,latent_deficiency,latent_deficiency,F,43,0.0700604007750208,0.800516842680476,0.031010318165857576,0.001559322033898305,0.004429556644832285,0.00096007696007696,0.00898824965778732,0.019544214543174846,0.0051400180668473355,0.011242139649359049,0.04018728064271135,0.006361580179958091
3,1,3,B12_deficiency_no_anemia,B12_deficiency_no_anemia,F,26,0.05756772216037363,0.04631657898215707,0.0669784474454928,0.05988232514879554,0.4687486581869332,0.01982787067150952,0.06673795917815874,0.031286412655160606,0.019338048354584213,0.018429119865209315,0.08683445194572911,0.058052405405896346
4,4,4,B12_deficiency_anemia,B12_deficiency_anemia,F,30,0.0,0.000563380281690141,0.010893666439756412,0.6860370587935443,0.03853799678543472,0.02924031092465591,0.0007692307692307692,0.002,0.0051181931658605085,0.0024081632653061226,0.206530895373776,0.017901104200745595
5,3,5,anemia_other,anemia_other,F,46,0.014946937809727907,0.0,0.026812612247035454,0.008895265198549216,0.0012756132756132756,0.042445671777451746,0.014983268878889136,0.005478190584573562,0.007533142942506951,0.011408870880672902,0.007338089013153609,0.8588823373918261
6,5,6,inflammation_anemia,inflammation_anemia,M,18,0.05214404555303665,0.010599114128282284,0.03945296015071465,0.024299619120483864,0.06412103272745705,0.00937051437354606,0.005939321516907986,0.03822296708606833,0.0107673476103595,0.6971037441296726,0.009798032305416777,0.038181301298054346
7,3,7,B12_deficiency_anemia,folate_deficiency_anemia,F,49,0.007292988429762946,0.0,0.031532674847539244,0.24736147113814658,0.010649473002205945,0.4283765743201688,0.013223349109758847,0.013076239876239876,0.011787332361736921,0.015152188680540855,0.17884185406947287,0.04270585416442717
8,3,8,B12_deficiency_anemia,B12_deficiency_anemia,F,53,0.003300873086169809,0.0,0.014206273893348187,0.5696334431659804,0.0321114622947014,0.09367161758337776,0.0011111111111111111,0.010598505332199002,0.027501909443237015,0.013107236924492225,0.1629068255315949,0.07185074163378818
9,2,9,latent_deficiency,latent_deficiency,F,51,0.01075581629109783,0.9295754147689829,0.04511552229661166,0.0,0.0005964912280701755,0.0,0.0062572338841368445,0.0012363636363636364,0.0014166666666666668,0.0022666666666666664,0.002779824561403509,0.0
10,5,10,iron_deficiency_anemia,iron_deficiency_anemia,F,46,0.0,0.00115,0.8577048454933114,0.0,0.0,0.0,0.0,0.0,0.0,0.0,0.13517970675857233,0.005965447748116128
11,5,11,no_anemia_no_deficiency,no_anemia_no_deficiency,F,40,0.38569881298425723,0.039862264237551834,0.0016613714643857428,0.007112628584881636,0.143126077411904,0.04027421957726798,0.30050927257054455,0.027580942134523872,0.03153279936793621,0.004574603174603174,0.0018542976939203354,0.016212710798223375
12,3,12,mixed_deficiency,mixed_deficiency,F,28,0.0030866885737901753,0.0026121434222160173,0.18401043472100487,0.2615740269953421,0.010695685766091858,0.06718536923475568,0.014320183040236438,0.01580737369540859,0.03967795480204114,0.008531626653780123,0.3115838452690646,0.0809146678262682
13,2,13,inflammation_anemia,inflammation_anemia,F,78,0.0018261904761904758,0.0,0.008666666666666666,0.0034901960784313726,0.0,0.0017350859453993932,0.0,0.0015294117647058827,0.002,0.9640593514354507,0.010988036800345775,0.005705060832809734
14,4,14,folate_deficiency_anemia,folate_deficiency_anemia,F,72,0.0026487037037037035,0.0,0.018673537271965118,0.036521432256011205,0.009726762202465529,0.7330199527810815,0.03829038270442761,0.014099547511312217,0.02656962502914738,0.008099211858656506,0.07556962078580672,0.03678122389542244
15,5,15,latent_deficiency,latent_deficiency,F,31,0.21946021166582924,0.5553618706122241,0.02453537165776063,0.0009599999999999999,0.05797058511070708,0.0,0.0706168509435226,0.04125733547677861,0.021681862331901086,0.003518266948701336,0.0021514786938837574,0.0024861665586915866
16,3,16,B12_deficiency_anemia,B12_deficiency_anemia,F,73,0.0004144144144144144,0.0,0.0012170880557977335,0.692783523712144,0.01495940248634993,0.012100171142869697,0.0011504424778761063,0.000793103448275862,0.009089427420499995,0.0006666666666666666,0.2591384306262082,0.007687329548898001
17,5,17,mixed_deficiency,mixed_deficiency,M,46,0.0004144144144144144,0.008137410234046153,0.4197345304130582,0.0009387755102040817,0.0,0.01533969679725042,0.0,0.03252358240593534,0.0,0.017697769332561963,0.500315777898565,0.004898042993964386
18,5,18,latent_deficiency,latent_deficiency,F,68,0.015523743014324461,0.9279968635054363,0.03816831716561737,0.0,0.002,0.0,0.006353939393939394,0.0,0.0010666666666666667,0.0037474877978753945,0.005142982456140351,0.0
19,5,19,mixed_deficiency,mixed_deficiency,F,31,0.0032964476671793743,0.0014603174603174602,0.14983538949998604,0.018714960275665514,0.0037841709501374,0.05835611937942474,0.009971228675956756,0.0036283185840707962,0.003702127659574468,0.026063951368739253,0.7051069076297546,0.016080060849193577
20,4,20,no_anemia_no_deficiency,no_anemia_no_deficiency,M,49,0.7702245582485954,0.033337876439054906,0.0002641509433962264,0.001257142857142857,0.02715195324498005,0.0,0.12369361766408152,0.010479972578489372,0.019092944057457078,0.0044616651692123395,0.0,0.010036118797590482
21,5,21,anemia_other,anemia_other,M,61,0.003736472245991539,0.0,0.01725524568647092,0.011176010400887965,0.0,0.01869160580462733,0.00441461583704706,0.01916514763269603,0.0122187987817035,0.007445371033570714,0.018335461330068217,0.8875612712469365
22,3,22,folate_deficiency_no_anemia,folate_deficiency_no_anemia,M,85,0.12080369419221954,0.010372457015568295,0.004850963548714669,0.00485895377524365,0.07612974913141979,0.21115935475734832,0.5426501571223924,0.0,0.006718067240625867,0.003045454545454546,0.010007989006503825,0.00940315966450866
23,1,23,mixed_deficiency,mixed_deficiency,M,75,0.014028388955083607,0.014678968722427136,0.21637902865115075,0.1475721270605656,0.057813164363714725,0.018405984243698888,0.005138958008360891,0.01502999168342817,0.019322584322591495,0.011647256875582,0.2959557256676768,0.1840278214457197
24,5,24,anemia_other,anemia_other,F,22,0.033014128492163494,0.004825530099447503,0.061178378686227886,0.06702651423752369,0.02364038384224595,0.04056182330797353,0.02921686747255328,0.060621615006220396,0.09540599326131734,0.026574836033510227,0.07888400010999345,0.4790499294508233
25,1,25,latent_deficiency,latent_deficiency,M,78,0.12382027488947316,0.5653524692809564,0.07573742813179465,0.0,0.018871758361244058,0.0,0.020466254183542417,0.1540471655402117,0.009675440274705188,0.0016708860759493671,0.021129556990857678,0.009228766271264658
26,3,26,latent_deficiency,iron_deficiency_anemia,F,38,0.021723819293976227,0.41423731652601714,0.45326317826750684,0.0012777777777777776,0.0015233756892831453,0.0013939393939393938,0.005420581465117547,0.0030344827586206895,0.0,0.013282656888063906,0.07243420628918085,0.012408665650516524
27,2,27,B12_deficiency_anemia,B12_deficiency_anemia,F,36,0.007450285429364767,0.0007407407407407407,0.018557337503845073,0.5658100306090685,0.017650875778500004,0.11264850608053868,0.009672350816461688,0.004166290018832392,0.011257765340802675,0.04061780729193315,0.17371160135418143,0.0377164090357309
28,3,28,latent_deficiency,latent_deficiency,F,90,0.0041709401709401715,0.8327411637995119,0.11176483767858146,0.0,0.003695142695142695,0.0,0.005079768403639371,0.003533333333333333,0.0014166666666666668,0.0,0.03759814725218406,0.0
29,2,29,iron_deficiency_anemia,iron_deficiency_anemia,F,80,0.0,0.007105494505494505,0.8926321119571122,0.0,0.0,0.0016428571428571427,0.0,0.0034154654654654656,0.0,0.0,0.09399354461328144,0.0012105263157894737
30,3,30,iron_deficiency_anemia,iron_deficiency_anemia,M,45,0.0,0.005914035087719299,0.8369470418854634,0.0,0.0,0.002463706835799859,0.0,0.0010454545454545454,0.004569182389937107,0.005745183747004601,0.13844747098031926,0.004867924528301886
31,5,31,iron_deficiency_anemia,latent_deficiency,M,71,0.042532262090559395,0.6024886920029419,0.11779816724975664,0.003119699972137666,0.01390669708999329,0.0011304347826086956,0.02043160023255344,0.004,0.012123458080071762,0.03829912468095666,0.13986406146740865,0.004305802351011481
32,5,32,folate_deficiency_no_anemia,folate_deficiency_no_anemia,M,86,0.051083432284441545,0.02086669749169218,0.002194433063914289,0.008613051149588827,0.12567856553751033,0.08191338200172005,0.6654742522617934,0.009681861444812083,0.02382049316210858,0.0006779661016949153,0.007398462903320589,0.0025974025974025974
33,1,33,anemia_other,anemia_other,F,48,0.018372217414175298,0.002396960567717748,0.047045052445754236,0.06952998337322176,0.006910838740687333,0.1140806671078367,0.021299293232097657,0.08751368909983082,0.07430561961069339,0.025963527040611698,0.05009477671390727,0.48248737465346614
34,1,34,anemia_other,anemia_other,M,80,0.00418348623853211,0.0007407407407407407,0.012619934563097974,0.028881269425376086,0.0008073394495412843,0.10098788805959262,0.0017327364640601862,0.0055636363636363635,0.041649262548140185,0.013565368202723811,0.010917366660323176,0.7783509712842354
35,1,35,no_anemia_no_deficiency,no_anemia_no_deficiency,M,44,0.6323168586010925,0.08233721104167979,0.008222566100626596,0.0007619047619047619,0.06011604362817023,0.006523912158694768,0.1240011212063884,0.022612158513503004,0.03016987164334449,0.007943660848798967,0.0007260377358490566,0.024268653759947256
36,1,36,folate_deficiency_anemia,folate_deficiency_anemia,F,49,0.0043076923076923075,0.0,0.005610554953362556,0.032123594217514685,0.0,0.8237505599403646,0.04765009044591749,0.002897804996708926,0.002833333333333333,0.00773470742285609,0.043123765103934245,0.029967897278315666
37,1,37,folate_deficiency_no_anemia,folate_deficiency_no_anemia,F,45,0.08194965741356966,0.06591840952404965,0.006558301296794928,0.008250998120767294,0.06510505556324973,0.060081763772134644,0.6873254393241249,0.007159872190666927,0.0049047335027051055,0.001,0.005007740975647953,0.006738028316289186
38,4,38,inflammation_anemia,inflammation_anemia,F,41,0.006961227837205555,0.008319400265921786,0.13737213563235742,0.01358158554310106,0.0,0.01683933778698705,0.004582839437349182,0.05147222646256433,0.012409542564247271,0.591752878110825,0.05930585244067148,0.09740297391877001
39,3,39,B12_deficiency_anemia,B12_deficiency_anemia,F,73,0.0007180020811654528,0.0,0.002428888888888889,0.751481507524517,0.007329103390888287,0.03021090665245898,0.0006220095693779905,0.0,0.0046847518779203874,0.001938775510204082,0.19158756811817712,0.008998486386402119
40,5,40,iron_deficiency_anemia,iron_deficiency_anemia,F,38,0.002,0.01890729601782233,0.8753427182075549,0.0,0.0008434414668547249,0.002,0.0,0.002,0.0038852459016393438,0.0009732016925246827,0.08998630798307243,0.004061788730531606
41,2,41,B12_deficiency_anemia,B12_deficiency_anemia,F,48,0.005507995735607675,0.0018907407407407406,0.03922089679002531,0.4945393055753867,0.019321490153810256,0.05996249326771127,0.006052910052910052,0.01491855355128736,0.018668330121361893,0.01605025449099615,0.23408622573634227,0.08978080378382002
42,1,42,iron_deficiency_anemia,iron_deficiency_anemia,M,73,0.0027101446235503106,0.11073131368410864,0.7879790737737129,0.0010370370370370373,0.0015763125763125763,0.0,0.0014838709677419354,0.0009629629629629631,0.0,0.0036633617986201574,0.08197241704083492,0.007883505535118497
43,4,43,iron_deficiency_anemia,iron_deficiency_anemia,F,47,0.0,0.0048898258350346035,0.850758473524857,0.003011953612845674,0.0,0.0,0.0,0.005563687150837988,0.0,0.007202327906598704,0.12812401129943504,0.0004497206703910614
44,1,44,latent_deficiency,latent_deficiency,F,84,0.009722773978586993,0.8982175554376056,0.04083681767166675,0.0,0.0033548833956478464,0.0,0.01792590411845968,0.014043038057384856,0.0062159357477406165,0.0016428084526244034,0.007661904761904763,0.00037837837837837834
45,1,45,mixed_deficiency,mixed_deficiency,M,22,0.0010222222222222223,0.027443994091941815,0.2320371681502889,0.04488198065154092,0.006015379703049332,0.008037475266235354,0.0,0.0028411138411138406,0.013740638997489977,0.011413783818612192,0.6268553647984275,0.02571087845907792
46,5,46,mixed_deficiency,mixed_deficiency,M,70,0.0018404133180252582,0.007095276977349791,0.11288220013691126,0.003261342235918507,0.002463706835799859,0.012986931307686024,0.010883190883190882,0.0,0.0327504532745912,0.0025555555555555553,0.8081937970067141,0.005087132468257694
47,3,47,inflammation_anemia,inflammation_anemia,F,51,0.004514633419645353,0.003274185076874349,0.09556989332654466,0.013124843962473707,0.0027753479884975113,0.01701968131855814,0.006045829583626471,0.022761074865308904,0.013362391912040465,0.647728475130209,0.10016970932923229,0.07365393408698916
48,2,48,folate_deficiency_anemia,folate_deficiency_no_anemia,M,61,0.044621670099910304,0.005452178275836951,0.0022965367965367967,0.03923521594118413,0.0901979282010865,0.30025518107154814,0.4365998813054828,0.00424102564102564,0.01975067459224561,0.005391543273929492,0.03094777934892444,0.021010385452289067
49,5,49,no_anemia_no_deficiency,no_anemia_no_deficiency,F,44,0.7765770243555602,0.04057683479827517,0.0010810640971931295,0.002321086973209488,0.047946097646497314,0.008774019607843136,0.09286618258262827,0.00165,0.010886349211824405,0.007791819911223843,0.0,0.00952952081574539
50,3,50,B12_deficiency_anemia,B12_deficiency_anemia,M,70,0.004412160625086804,0.00115,0.04057164027375012,0.5140798630569943,0.002796624406937855,0.154125279657579,0.010840120176562204,0.015802001143510578,0.02122618644466783,0.03839975874343147,0.096588148341452,0.10000821713002805
51,4,51,B12_deficiency_anemia,B12_deficiency_anemia,F,50,0.003191393375191733,0.0,0.015094900061664147,0.6667725665873347,0.03531436636544214,0.05502776941515274,0.0,0.008396901609611257,0.009146963273883302,0.008553638611497279,0.16090887357771672,0.03759262712250636
52,4,52,copper_deficiency,copper_deficiency,F,78,0.058034190534530315,0.013562243569826453,0.022772027562002077,0.030389535977236252,0.06325738892565794,0.09743598156161541,0.11836550990978383,0.012368674940238474,0.4801358511266356,0.014821968373707336,0.020882689286939423,0.06797393823182712
53,1,53,copper_deficiency,copper_deficiency,M,40,0.19379873325893154,0.06814600318820167,0.010063184679005893,0.00511867508531034,0.013858423734580357,0.0072681457620817685,0.026675138067799822,0.07445296958972074,0.5562000006096195,0.008180504603394674,0.0016641013895251184,0.03457412003182874
54,4,54,B12_deficiency_anemia,B12_deficiency_anemia,F,82,0.012372495947957961,0.0,0.07699743976798441,0.332377464960409,0.009135925448476719,0.0765134974334417,0.017027892590176702,0.037301236151739775,0.09562479278412206,0.01374960003993936,0.15178478577696886,0.17711486909878357
55,3,55,folate_deficiency_anemia,folate_deficiency_anemia,M,93,0.0009514437146430774,0.0009555599156325109,0.018042879660460052,0.05431348768322355,0.013041921266545731,0.6307043997832541,0.04009279045268395,0.005541382120031573,0.013440298039547683,0.0031200586527815183,0.13359938504219163,0.08619639366900479
56,1,56,anemia_other,anemia_other,M,81,0.0035981210626209402,0.0014289576333371954,0.01834963256846288,0.00808468519745878,0.0,0.08147497342543333,0.002,0.0069997215076786955,0.007857221870926167,0.01776938834245552,0.024470421860837085,0.8279668765307894
57,1,57,anemia_other,anemia_other,F,64,0.012693832251650492,0.0015939215148188803,0.07187538584287645,0.05841340034207397,0.0047827049930184405,0.05226117884875002,0.012209405291671615,0.09650262910610408,0.036982442532643225,0.03898072331816378,0.029939208719557266,0.5837651672386719
58,3,58,anemia_other,anemia_other,F,69,0.014876193439676355,0.0,0.010895447047373311,0.011598965429565919,0.0,0.18010320934964918,0.012706537888573304,0.01881194875902812,0.019493868548002138,0.004965161129269717,0.016592702891223055,0.709955965517639
59,5,59,anemia_other,anemia_other,F,45,0.013264286297080638,0.001833177746277439,0.02158698531118429,0.056204047446794754,0.0026450526315789477,0.23500250602553768,0.026960694868920405,0.019465008988691256,0.043482083333061874,0.059201801948850934,0.03790246645588999,0.48245188894613183
60,3,60,no_anemia_no_deficiency,no_anemia_no_deficiency,M,73,0.8345205773956738,0.028545931232106664,0.000977777777777778,0.0008695652173913043,0.026027092119259913,0.0021936936936936932,0.04611054488287631,0.01785434811510928,0.007241741692195413,0.0018790509843513376,0.0,0.033779676889564784
61,2,61,B12_deficiency_no_anemia,no_anemia_no_deficiency,F,44,0.4434405389292882,0.0438158428673282,0.006031255243298475,0.0024242424242424242,0.290965013755395,0.004236842105263158,0.1539781541640256,0.013415123004114356,0.01948605114175547,0.003207239299503802,0.004459714543095397,0.014539982522689713
62,3,62,folate_deficiency_anemia,folate_deficiency_anemia,F,68,0.0025084745762711863,0.0,0.007859820273658783,0.038811171997796955,0.0006666666666666668,0.7226357107273718,0.05299278158491015,0.0052284602900156815,0.01659965939985455,0.009046122686642307,0.10347458490666799,0.040176546890143834
63,2,63,iron_deficiency_anemia,iron_deficiency_anemia,F,43,0.0008240529686312819,0.009716758895864793,0.8745753888873434,0.0012193126494396912,0.0011666666666666668,0.006250663871418588,0.0010631741140215715,0.006488697788697788,0.0047852994555353905,0.003774788580509677,0.07446876908461197,0.015666427037259237
64,3,64,copper_deficiency,copper_deficiency,F,42,0.0037399702675776293,0.0,0.010921116919120526,0.010425702201335017,0.0009645390070921986,0.03731696324342663,0.0036226804011868534,0.0013636363636363635,0.8905518392121877,0.004424242424242424,0.0016753475273954877,0.03499396243279926
65,5,65,folate_deficiency_no_anemia,folate_deficiency_anemia,F,80,0.025222878185221554,0.0004067197170645446,0.07541702069043985,0.049709674253237635,0.015356694904295086,0.3132157116008648,0.2324437100468789,0.026019315083448232,0.031214766406304606,0.016651084085544186,0.11770724899682156,0.09663517602987902
66,4,66,iron_deficiency_anemia,iron_deficiency_anemia,F,70,0.000832314953758708,0.01580317215232685,0.6999179231347734,0.002301257517769273,0.0,0.001069767441860465,0.001472356935014549,0.0,0.0,0.004761648745519714,0.264382823399568,0.009458735719409129
67,2,67,mixed_deficiency,mixed_deficiency,F,73,0.0019078061022322016,0.009206759645005409,0.23091067369874835,0.09901429583593194,0.00779621323776382,0.0031304347826086954,0.0024328338762214987,0.010949625192648943,0.006144191096634093,0.0365702328765903,0.5730647321450307,0.0188722015105839
68,3,68,inflammation_anemia,inflammation_anemia,F,66,0.010788463773637567,0.005165997162365877,0.05489826646966385,0.007625087108013937,0.0027368421052631573,0.02997905072993377,0.004430836912880224,0.016890647857889234,0.01764659364704455,0.7602965236641118,0.03032553092320739,0.05921615964598854
69,5,69,latent_deficiency,latent_deficiency,F,28,0.011370061104982388,0.9209134154876358,0.024535369244802863,0.0016829268292682927,0.001259259259259259,0.0,0.001807991696938246,0.0,0.0,0.0,0.03657383351997014,0.0018571428571428571
70,2,70,iron_deficiency_anemia,iron_deficiency_anemia,F,58,0.0024223932050170785,0.003914035087719298,0.8460249043408681,0.0009387755102040817,0.0,0.0,0.0,0.004309909909909909,0.0,0.016332812525032336,0.12550295255377908,0.0005542168674698794
71,1,71,no_anemia_no_deficiency,no_anemia_no_deficiency,F,51,0.6919936389694823,0.024168740543021972,0.004440994573561044,0.002202295552367288,0.03822724044593151,0.017300689369646877,0.14358170251787283,0.01214683081378389,0.02261161767228437,0.01758198101795815,0.001,0.024744268524089938
72,5,72,mixed_deficiency,mixed_deficiency,F,19,0.0,0.0,0.006308847136671522,0.3021153405553099,0.004351879952790422,0.13870421289907722,0.007759277211847553,0.00475761481975001,0.004709803921568627,0.001987948168669265,0.5163630399791077,0.012942035355207718
73,4,73,latent_deficiency,latent_deficiency,F,70,0.011900854700854701,0.9601070655016671,0.012116180306738266,0.0,0.0013548387096774192,0.0,0.00309985935302391,0.0006451612903225808,0.0013538461538461538,0.0024980975441023867,0.006375709342993537,0.0005483870967741936
74,3,74,B12_deficiency_anemia,B12_deficiency_anemia,M,50,0.0021697219983883966,0.0,0.008505693826796277,0.6423353841368089,0.012043688472772856,0.04014967975065142,0.0,0.014708238294361742,0.004986558861726947,0.020334269576786503,0.2354675766823232,0.01929918839938414
75,2,75,iron_deficiency_anemia,iron_deficiency_anemia,F,32,0.015346980818145126,0.017615978517288227,0.446475923132153,0.03749686570777035,0.003746835443037975,0.06081066677197095,0.011833948784691864,0.010860876190853139,0.0025432432432432434,0.03514329223893648,0.2822495763423978,0.07587581280951157
76,5,76,latent_deficiency,latent_deficiency,F,49,0.01615597695734419,0.8867722486877627,0.017776376707534604,0.0,0.0065928194878924805,0.003188311688311688,0.021635529914824276,0.002168825052978573,0.0,0.002580141843971631,0.043129769659379674,0.0
77,1,77,no_anemia_no_deficiency,no_anemia_no_deficiency,M,83,0.7937877810948514,0.03270864026015901,0.003428803058123678,0.0008224076281287246,0.09554634425329005,0.006686134115481941,0.01622731263345074,0.02041185753343328,0.01326687991057993,0.012744988937690624,0.0,0.004368850574810951
78,4,78,mixed_deficiency,mixed_deficiency,M,85,0.0,0.005518686250509996,0.15727355286612257,0.02572593912329969,0.002,0.003533474277660324,0.0,0.0,0.0050852994555353895,0.0,0.7966079707351508,0.004255077291721456
79,3,79,iron_deficiency_anemia,iron_deficiency_anemia,F,19,0.009779419549585918,0.007953304626592297,0.6702265640873516,0.011412654401890538,0.0018035166771128012,0.01296114199205239,0.005203263850639653,0.04104694524763149,0.020595230945160827,0.030602074090172137,0.13046927990210586,0.05794660462970469
80,2,80,iron_deficiency_anemia,iron_deficiency_anemia,F,50,0.00209645320398682,0.015918989810664554,0.7660344750714811,0.0007419354838709677,0.0,0.0039047210650984235,0.0011794871794871796,0.0,0.0,0.004849599882963938,0.20440641377414542,0.0008679245283018867
81,5,81,mixed_deficiency,mixed_deficiency,F,38,0.002225643318985597,0.0009484536082474226,0.2125835290750891,0.002097204301075269,0.0016428571428571427,0.010998564887199653,0.0008363636363636363,0.0012432432432432433,0.0009019607843137256,0.019843202938122643,0.7398697616590477,0.006809215405454721
82,5,82,mixed_deficiency,mixed_deficiency,M,60,0.0010222222222222223,0.005269529593213804,0.15304235189264934,0.06319542020085982,0.005918313570487483,0.01574248518241618,0.0,0.004931832992346745,0.003471698113207547,0.03506213827615605,0.6933865716278449,0.018957436328595857
83,3,83,anemia_other,anemia_other,F,30,0.056967902441288444,0.006605010619263571,0.05918023888877024,0.009431669074149215,0.0,0.018531843449108142,0.008916241997211818,0.251651744353323,0.042116352866306564,0.03618415973342854,0.009204832653003805,0.5012100039241469
84,3,84,inflammation_anemia,inflammation_anemia,M,64,0.03053496278875604,0.006214790466783821,0.12312051885261577,0.03138864909389194,0.004381286549707602,0.021182874835998556,0.008198303566374854,0.0783630578850373,0.030829005154578648,0.44945943440707253,0.051922694799870196,0.16440442159931282
85,3,85,folate_deficiency_no_anemia,no_anemia_no_deficiency,F,65,0.7247299275388399,0.02799992005268532,0.006883351627631827,0.0005555555555555556,0.03776442808362863,0.002579754601226994,0.16217925552494442,0.006149355819533284,0.012721343014068453,0.003818030458006591,0.0,0.014619077723879105
86,5,86,mixed_deficiency,mixed_deficiency,F,76,0.0,0.0028001232855601787,0.36107215007215004,0.00825198664081903,0.0013939393939393938,0.0050367965367965365,0.0,0.0010454545454545454,0.0,0.0,0.6203995495252803,0.0
87,1,87,anemia_other,anemia_other,F,87,0.012104796913547638,0.0,0.028972695901843225,0.012477925831317889,0.0045604395604395605,0.015277499510451285,0.0,0.0036874231767848793,0.022425884244432596,0.001893836199557296,0.017556147278132494,0.8810433513834933
88,3,88,iron_deficiency_anemia,iron_deficiency_anemia,F,44,0.00025742574257425744,0.04248932117114491,0.8373460305418493,0.0,0.0,0.0009517241379310345,0.0,0.0024864864864864865,0.0,0.051091367107899265,0.062322109421914976,0.0030555353901996368
89,3,89,latent_deficiency,no_anemia_no_deficiency,F,65,0.6573000739632265,0.14858473103045827,0.010292572464806134,0.0,0.037564434596684966,0.0017777777777777776,0.12803384448871397,0.004312210200927357,0.0036972525653757035,0.0011640765962400326,0.001,0.006273026315789474
90,3,90,inflammation_anemia,inflammation_anemia,F,46,0.0016701433950172236,0.006339897362453753,0.08120231718139082,0.006141778174249182,0.0,0.0008210526315789473,0.0,0.0222053892144725,0.008359032716927454,0.796754064933494,0.04907314524684854,0.027433179143567805
91,1,91,folate_deficiency_no_anemia,no_anemia_no_deficiency,F,38,0.6340535016363315,0.04484482806245977,0.0014879432624113477,0.0035158462091268417,0.042017354580132206,0.0,0.21831116968003464,0.00919507536978936,0.009209038327693379,0.023932036551057866,0.00036528925619834713,0.013067917064764857
92,2,92,no_anemia_no_deficiency,no_anemia_no_deficiency,M,45,0.7822512497566407,0.13206150118188537,0.007278001741943511,0.0,0.034175537625212825,0.0,0.020868527149787954,0.015062748057221246,0.0017254901960784311,0.0,0.0013235294117647058,0.0052534148794653
93,1,93,mixed_deficiency,mixed_deficiency,F,23,0.000625,0.0022673350041771093,0.15582671918480603,0.0010823529411764705,0.001375,0.01494151760189496,0.0017037037037037038,0.0,0.0026068796068796068,0.0012777777777777776,0.8161491538219092,0.0021445603576751115
94,3,94,B6_deficiency,B6_deficiency,M,71,0.10541061757024821,0.05704952806731233,0.003169029608587874,0.0,0.009807660415030386,0.0005714285714285714,0.05392035900621553,0.737164912456842,0.008536599989357869,0.01819524485813647,0.0005396825396825397,0.005634936917158325
95,4,95,mixed_deficiency,mixed_deficiency,F,40,0.0,0.0020502607871028923,0.20003474718737874,0.0022165532879818593,0.0013939393939393938,0.0,0.0014838709677419354,0.0,0.0,0.002837099811676083,0.7851863546829868,0.004797173881192309
96,5,96,iron_deficiency_anemia,iron_deficiency_anemia,F,26,0.0010222222222222223,0.007296823369102367,0.7104437220450128,0.0,0.0013939393939393938,0.0,0.0,0.002,0.0032691823899371067,0.004542440534376018,0.26334749926019313,0.006684170785217077
97,1,97,latent_deficiency,latent_deficiency,F,24,0.005216674422787637,0.9562456043507215,0.0232161850706163,0.0,0.0017675465520769387,0.0,0.00210158851119034,0.0,0.002,0.0022666666666666664,0.007185734425940612,0.0
98,2,98,iron_deficiency_anemia,iron_deficiency_anemia,F,74,0.08912426863633936,0.10067097934033183,0.31200089648374796,0.006854613296427518,0.04050112182185978,0.024571901177646353,0.07399609477145265,0.06768324829973975,0.06479608190185299,0.03362440407417634,0.06034735827287226,0.12582903192355308
99,2,99,iron_deficiency_anemia,iron_deficiency_anemia,F,77,0.0017087893864013268,0.005914035087719298,0.8274089375063262,0.0009387755102040817,0.0,0.0,0.002967741935483871,0.0015333333333333332,0.0014070588235294119,0.0023985367910605102,0.1536443407818506,0.0020784508440913605
100,2,100,copper_deficiency,copper_deficiency,M,65,0.04904706934914809,0.006333796129394311,0.006433087942180919,0.008352892580385319,0.04049354278428209,0.022909391969245674,0.10976998017129236,0.003217914067914068,0.7182281172961893,0.005227762617449169,0.005367549600485356,0.02461889549203338
101,1,101,inflammation_anemia,inflammation_anemia,F,21,0.016589611260495633,0.008133650793650792,0.11766815576526331,0.025024893008764412,0.010173563445021391,0.10523965284580729,0.007219436578601665,0.014856056847765163,0.056224255113259666,0.3584485230283261,0.12618256081400714,0.1542396404990376
102,5,102,iron_deficiency_anemia,iron_deficiency_anemia,F,48,0.024678579324830908,0.015621311991128702,0.4448448623388111,0.03219018440494274,0.008116439508438003,0.02352335626406005,0.015848717867085638,0.03950263396749776,0.007621247078271225,0.023468852403636876,0.2645151031615452,0.10006871168975172
103,1,103,no_anemia_no_deficiency,no_anemia_no_deficiency,M,48,0.6782735823996572,0.04333037110738525,0.0008669950738916257,0.002940886553631825,0.03763839114188689,0.005854530579129721,0.2124547576247615,0.003970968232254142,0.009328654637468807,0.0,0.0003386619301361753,0.0050022007197968055
104,2,104,B12_deficiency_anemia,B12_deficiency_anemia,F,76,0.0007428571428571428,0.0016046511627906977,0.022950586283297138,0.43605454868931,0.017190407839512468,0.18763833693322104,0.00471627791862063,0.0014814814814814814,0.0280208045606153,0.004283475462624063,0.2259432352079073,0.06937333731776277
105,4,105,copper_deficiency,copper_deficiency,F,41,0.06745416972878124,0.010204373678131028,0.001985146286571643,0.005626701309212209,0.2200674404107485,0.006435096174412873,0.048022319781188684,0.008114938166590329,0.6214161839670321,0.0016769046669325887,0.0037982905982905987,0.005198435232108106
106,5,106,copper_deficiency,B12_deficiency_anemia,F,79,0.003817900440794475,0.0024532984339330774,0.014698459684169442,0.2809831988338287,0.017464679151048827,0.18665769198162624,0.009477762508270983,0.00437665133506058,0.24523320510176072,0.05113542887084669,0.08836407876075512,0.09533764489790517
107,1,107,folate_deficiency_anemia,folate_deficiency_anemia,M,76,0.0016472222222222224,0.0,0.003884489179954972,0.026190621565312426,0.0021304347826086954,0.8435331672355564,0.025043504160637567,0.006666876908058861,0.0019855992189406883,0.006430433207896305,0.04241246059382347,0.04007519092498833
108,2,108,no_anemia_no_deficiency,no_anemia_no_deficiency,M,44,0.8870683015722542,0.02392458846457875,0.0,0.0,0.024124698431764614,0.001375,0.04740316951869589,0.004555320995100685,0.008838425054514982,0.00178192453451969,0.0,0.0009285714285714286
109,3,109,no_anemia_no_deficiency,no_anemia_no_deficiency,M,75,0.6733699525213562,0.13117154141974263,0.012423828751056612,0.0021337345665353807,0.07450797422600065,0.0008461538461538462,0.015206251635991727,0.05474833731327944,0.020362044344158618,0.004970224411603722,0.0028888824700578726,0.007371074494063128
110,1,110,no_anemia_no_deficiency,no_anemia_no_deficiency,F,33,0.6819504439136664,0.03190215762123345,0.00046666666666666666,0.002,0.07874307454552255,0.01732173514352626,0.14140606172917838,0.002835007173601148,0.03070104027497665,0.003340052102265843,0.0002077922077922078,0.009125968621570947
111,2,111,iron_deficiency_anemia,folate_deficiency_anemia,F,45,0.003304653074865935,0.004,0.12444784119259815,0.16911521648951933,0.007463768115942029,0.3046923852751066,0.007593868875269313,0.029430689244354845,0.04359875211199509,0.04049998358493522,0.13457764241975154,0.13127519961566214
112,1,112,iron_deficiency_anemia,iron_deficiency_anemia,F,43,0.02679216303096039,0.033433801525665774,0.4947948687136774,0.014274853414871723,0.006870458179378403,0.07190181827687794,0.021402752761430964,0.034757598537823654,0.02139968760759071,0.010938944470093115,0.16633324623863024,0.09709980724299964
113,5,113,no_anemia_no_deficiency,no_anemia_no_deficiency,F,29,0.9356711512916809,0.01890569781458136,0.000977777777777778,0.0,0.009755614999036051,0.0,0.016294326499791574,0.010940088124322277,0.0,0.0015438596491228072,0.0,0.005911483843687232
114,5,114,B12_deficiency_anemia,B12_deficiency_anemia,F,79,0.0010352035203520353,0.0012429329474191993,0.016385568394900043,0.5053460074004864,0.014295541404502114,0.04185434511886636,0.004674417008318201,0.0027301349325337333,0.07801737405759103,0.03477265391166653,0.2651528164646343,0.03449300483872995
115,3,115,mixed_deficiency,mixed_deficiency,F,67,0.0,0.0047030420530420535,0.1057885610281329,0.02504164391818186,0.004907435508345978,0.0047255707580411395,0.0,0.0,0.0,0.014765279770444763,0.8381814700597867,0.0018869969040247677
116,2,116,latent_deficiency,latent_deficiency,F,62,0.13253209864271898,0.5038146664750844,0.13633321043565577,0.0020197132616487454,0.03698049357730876,0.00531266149870801,0.08618136259207944,0.006736610418195157,0.004251942522487207,0.026769408838719838,0.051639709841086186,0.007428121896307452
117,4,117,no_anemia_no_deficiency,no_anemia_no_deficiency,M,77,0.7866006066273399,0.023066747478687966,0.0006534391534391534,0.0,0.023436952393586275,0.005110042735042736,0.1290583034690073,0.016816739132549822,0.0077585293472472545,0.0032744125326370755,0.002,0.0022242271304626963
118,5,118,inflammation_anemia,inflammation_anemia,F,48,0.004347086106069773,0.0017333333333333335,0.010330970944364597,0.007890228132412228,0.0015,0.0023207438494893713,0.0045864661654135335,0.005626599326599327,0.0069539554129315955,0.9245952336121539,0.011915655321632882,0.018199727795599294
119,3,119,B6_deficiency,anemia_other,F,84,0.009844148400093627,0.006044975792737968,0.2666288905546367,0.02736644030122794,0.0008235294117647058,0.09918430156664175,0.011486587639412061,0.055495450147362596,0.08151602636733724,0.08754048908901042,0.07771278992542564,0.27635637080434927
120,4,120,no_anemia_no_deficiency,no_anemia_no_deficiency,F,68,0.7717659579412796,0.029613339785847625,0.002631137323473697,0.0028841269841269838,0.0716339522693234,0.0008888888888888888,0.09276388822734381,0.007830981534584995,0.00800120834928626,0.0020404125706737024,0.0,0.00994610612517144
121,2,121,mixed_deficiency,mixed_deficiency,F,38,0.002821428571428571,0.00940701754385965,0.15080919621070407,0.02355059050490804,0.0033939393939393936,0.0,0.000978723404255319,0.0015333333333333332,0.0,0.0,0.8034867926451011,0.004018978392470504
122,2,122,anemia_other,anemia_other,F,73,0.026947064867754347,0.0016782407407407408,0.026759736286599212,0.03265134071149749,0.005806697606697607,0.0482631474483803,0.012303704784125956,0.07252695641990542,0.013579304921998967,0.0626603486382711,0.013696000124745415,0.6831274574492835
123,5,123,latent_deficiency,latent_deficiency,F,23,0.020377832140407556,0.9515826600137504,0.016040043908220163,0.0,0.002634259259259259,0.0,0.0,0.0021722222222222225,0.0,0.0,0.007192982456140351,0.0
124,1,124,iron_deficiency_anemia,iron_deficiency_anemia,M,51,0.00947553442774087,0.03610504946528159,0.680468574477705,0.005415313359518536,0.004658155779570782,0.0026692347200821774,0.0016190476190476191,0.017658817958346923,0.009802023053399202,0.018351598297404063,0.19487432121000506,0.018902329631898286
125,2,125,iron_deficiency_anemia,iron_deficiency_anemia,M,50,0.0012034210967633743,0.06585202246158318,0.6938952138809915,0.0034368730543064686,0.0,0.0008679245283018867,0.0,0.0012363636363636364,0.0,0.00736267270750108,0.22089272523337938,0.005252783400809716
126,5,126,anemia_other,anemia_other,F,72,0.007024346736302703,0.0,0.012951946558058995,0.012061043265210642,0.0022615384615384615,0.012489262675309185,0.003940774501055921,0.005267765815433159,0.020760804970219173,0.010164559482329515,0.013654846053351932,0.8994231114811903
127,1,127,inflammation_anemia,inflammation_anemia,F,56,0.0054805041803514315,0.004678499278499278,0.10515889849560353,0.010438123527296084,0.0027739898989898987,0.008596999195547936,0.0031083591331269355,0.030769192855234072,0.008026648908038087,0.7021245414969496,0.04779817530821671,0.07104606772214682
128,4,128,iron_deficiency_anemia,iron_deficiency_anemia,F,69,0.00035693501454898155,0.00325540731450648,0.8456628479150218,0.0,0.0,0.0,0.001472356935014549,0.0010454545454545454,0.0,0.004241623299552634,0.1368904761904762,0.0070748987854251
129,1,129,iron_deficiency_anemia,iron_deficiency_anemia,F,30,0.002708666798081346,0.033760860384938175,0.63049583349141,0.010591960058877352,0.005642857142857142,0.004182510822510823,0.00109985935302391,0.0104484132954838,0.005063172571078126,0.00929890622915833,0.2738446350653503,0.012862324787230265
130,3,130,inflammation_anemia,inflammation_anemia,F,62,0.0,0.005571796140524493,0.010284080508678689,0.002,0.0008571428571428571,0.0,0.000896551724137931,0.0,0.0010344827586206897,0.9716402322918253,0.003002688172043011,0.004713025547027152
131,5,131,copper_deficiency,copper_deficiency,M,57,0.018826693332706146,0.0025628968253968254,0.06143762612774228,0.049353349141999,0.019577779391330364,0.08940696360670122,0.02908764524398494,0.02443854142447493,0.3694657472898735,0.0437663952533153,0.03305637035288841,0.25901999200958703
132,5,132,B12_deficiency_no_anemia,B12_deficiency_no_anemia,F,46,0.04589631203142097,0.007289858759142131,0.00525331114373294,0.1182695995433624,0.5853218014492485,0.03495661119103174,0.12863198918394267,0.00717916698279223,0.016872397969519608,0.003820168808264046,0.0336040060746359,0.012904776862906997
133,1,133,no_anemia_no_deficiency,no_anemia_no_deficiency,F,44,0.42187305524335644,0.12884828994086484,0.026737283954443122,0.005542106198023425,0.12690736406794578,0.00795889482159505,0.05496340440246342,0.08052113677030631,0.06292777504214077,0.024818230894462986,0.005448602727475967,0.05345385593692195
134,2,134,latent_deficiency,latent_deficiency,F,78,0.012631619556916737,0.9109747544579381,0.04824020914923176,0.0,0.0030310920436066625,0.0,0.004124885247498802,0.0041379800853485055,0.003416666666666667,0.0031333333333333335,0.00830945945945946,0.002
135,3,135,no_anemia_no_deficiency,no_anemia_no_deficiency,M,64,0.9031149907226548,0.01638431265164848,0.0008606510565391205,0.0,0.015369066028252564,0.0012000000000000001,0.047900195107973526,0.004269495327337881,0.0019451612903225808,0.003461904761904762,0.0,0.005494223053366381
136,4,136,no_anemia_no_deficiency,no_anemia_no_deficiency,F,18,0.49026289717908794,0.023934379946323414,0.00470398481582224,0.0012777284826974268,0.25976553263537655,0.003242979242979243,0.1793842461204172,0.0024231646146830824,0.01303803352624011,0.010487368425851257,0.0033457154798546816,0.008133969530667346
137,1,137,no_anemia_no_deficiency,no_anemia_no_deficiency,F,27,0.5732502232963187,0.0991530822441597,0.01183142308874657,0.0010675105485232065,0.06747839471035666,0.0024306320447964962,0.14998015781750523,0.049129133136930035,0.022300080123717588,0.008272875805025932,0.0033854516317016322,0.01172103555221848
138,2,138,inflammation_anemia,inflammation_anemia,F,66,0.003355941587124458,0.002,0.004677289531750784,0.0,0.0005394456289978678,0.0006682242990654205,0.0075294117647058826,0.0015294117647058824,0.0016956521739130434,0.9571792841033511,0.015410903960696339,0.005414435185689475
139,1,139,B6_deficiency,B6_deficiency,M,67,0.016187879717536283,0.007173662093684341,0.02530618817187811,0.030746239147171187,0.0028221199684947975,0.06486940288852842,0.015121466711466606,0.6715714552757233,0.012939785407287421,0.030050358139720765,0.03721062103603043,0.08600082144247852
140,2,140,folate_deficiency_anemia,folate_deficiency_anemia,F,32,0.007338512252348683,0.0016631195335276966,0.014344082316414342,0.1409119090310881,0.010519960025306056,0.4685418699847711,0.03110015364502223,0.003415493105547044,0.014507756279678135,0.006147342995169083,0.28564641114505857,0.015863389686069092
141,3,141,folate_deficiency_anemia,folate_deficiency_anemia,F,42,0.012355928051605718,0.00230520223777388,0.10637710657829241,0.13443596513508677,0.021579822196553786,0.34458131922378643,0.03485865074066691,0.008726917586958155,0.038137104701430134,0.030212127335934674,0.06227160198583324,0.20415825422607817
142,2,142,mixed_deficiency,mixed_deficiency,F,44,0.0,0.004807017543859649,0.24078693963433073,0.022654008799418757,0.007686590420450206,0.0027878787878787875,0.0014838709677419354,0.0006388888888888888,0.0015333333333333332,0.006433106575963719,0.7052829430650714,0.005905421983062599
143,5,143,mixed_deficiency,mixed_deficiency,F,70,0.0,0.01304566684089755,0.24096818758455485,0.014179918239860364,0.015140981869239276,0.003036796536796537,0.0,0.0,0.0,0.019251588960787564,0.6898980409691478,0.004478818998716303
144,1,144,mixed_deficiency,mixed_deficiency,F,75,0.001977941176470588,0.01382575210617064,0.15991192068193252,0.013954388174722996,0.007516843385855544,0.01347191412785682,0.014536628704445966,0.005124296327403985,0.002,0.011466816593444637,0.7445129870989429,0.011700511622753665
145,4,145,latent_deficiency,latent_deficiency,M,77,0.35632813072619823,0.5542470151625231,0.022278973586778564,0.000721311475409836,0.012180190649924549,0.0,0.04061008591631679,0.0030332354668232532,0.0032,0.0,0.0059632867132867135,0.0014377703027390679
146,4,146,iron_deficiency_anemia,iron_deficiency_anemia,M,37,0.001352941176470588,0.021973087882497525,0.9161919355095367,0.0,0.0,0.0,0.0,0.0,0.0,0.006388888888888888,0.05114677117021313,0.002946375372393247
147,1,147,no_anemia_no_deficiency,no_anemia_no_deficiency,F,66,0.44923753887205103,0.15808082613933003,0.011387078910812911,0.004707136861330701,0.18431077928465806,0.01156298134565126,0.09912268063612178,0.03349304832879129,0.02786427621612952,0.004021946169772256,0.0019449057317909779,0.014266801503560229
148,4,148,inflammation_anemia,inflammation_anemia,F,25,0.003307601598492929,0.0008070175438596492,0.030012269799482034,0.009059822480496369,0.0014043859649122807,0.010457415869903232,0.0024174072939013172,0.03248444703305674,0.014209645099119112,0.8179883646465055,0.010534964673875494,0.06731665799639555
149,5,149,B12_deficiency_anemia,B12_deficiency_anemia,F,85,0.00025742574257425744,0.0,0.005856386445096123,0.72108058946113,0.009836627140974967,0.042494717342966774,0.0,0.005691526170737422,0.0,0.0085,0.2003929252384812,0.00588980245803943
150,5,150,B6_deficiency,B6_deficiency,M,62,0.15529291897002975,0.049496194776526496,0.00949013844865717,0.012428015137782212,0.21501709162675703,0.0013548387096774192,0.008443207463571367,0.5329716115337221,0.006046653144016227,0.0025349206349206347,0.004120242587286194,0.002804166967053565
151,2,151,iron_deficiency_anemia,iron_deficiency_anemia,F,66,0.0059075201547948986,0.012553969858422104,0.6096394982664464,0.023157793076740756,0.0026044657097288675,0.02188579033004768,0.0021174872130631057,0.09335832028602835,0.019475669665038647,0.02281524729571414,0.1132407228769044,0.07324351526707056
152,3,152,inflammation_anemia,inflammation_anemia,F,80,0.008731338962302921,0.00556478231961054,0.08239800108436776,0.024467598348041693,0.008421482644636593,0.018427404837155294,0.004131685818668147,0.03718267608310065,0.003332313561223727,0.6898259939945914,0.07910052508216282,0.03841619726413877
153,5,153,folate_deficiency_anemia,folate_deficiency_anemia,F,38,0.011865447006798804,0.002854917453354177,0.04391703937702857,0.05693137955247912,0.019390696366161354,0.3002106924667183,0.0641382136657954,0.033616178296517474,0.04507357661512467,0.10770822661774843,0.11084519020447248,0.20344844237780116
154,3,154,B12_deficiency_no_anemia,B12_deficiency_no_anemia,F,53,0.19418600061951577,0.008649030179994853,0.0025239575400052496,0.01795318323755041,0.5817150973395641,0.006926984126984127,0.16609082403313927,0.0015209177498289744,0.007837875263099592,0.0026657450076804914,0.003524518176980414,0.006405866725656732
155,5,155,folate_deficiency_anemia,folate_deficiency_no_anemia,M,84,0.03378353310383335,0.001281174438687392,0.007697071384913768,0.03093719923613555,0.18326399172327,0.19581407764093522,0.42189396431355,0.008776500370972091,0.01941676954303032,0.02016239372856365,0.03797053208351723,0.03900279243259104
156,1,156,folate_deficiency_no_anemia,no_anemia_no_deficiency,F,85,0.6852934331959626,0.037578379450119805,0.000977777777777778,0.004419788178278744,0.0565814393006668,0.010722590790702246,0.17516348676722354,0.002378327322685901,0.019609753142322744,0.004410278745644599,0.0002077922077922078,0.0026569531208232603
157,5,157,inflammation_anemia,inflammation_anemia,M,53,0.0,0.0006216216216216216,0.016028966668850005,0.0012,0.0,0.007836627140974967,0.0,0.006302178980439849,0.0009974424552429667,0.9242328776138227,0.012742177661532501,0.03003810785751553
158,4,158,B6_deficiency,B6_deficiency,F,47,0.005338007950038853,0.00135984253877824,0.0292451849781483,0.08217556956885154,0.0005041551246537395,0.06380601716008139,0.004806472340674104,0.47046728150949735,0.023609035164532513,0.018633983863277706,0.01832874929365362,0.2817257005078128
159,3,159,no_anemia_no_deficiency,no_anemia_no_deficiency,F,48,0.5699764952449174,0.17223197535917786,0.015527232904230975,0.0018587330372324263,0.04269438227433396,0.01481830828597746,0.14082236071582743,0.005914365223208384,0.0011561051004636783,0.019409384159809744,0.004690528604829766,0.010900129089991323
160,2,160,anemia_other,anemia_other,F,43,0.020160838686274125,0.0011253644314868803,0.019127758088912542,0.00882332841534766,0.0,0.009383261787817954,0.006160397756361427,0.02488069962935628,0.028967853004755666,0.011065226802153503,0.010960101433632992,0.8593451699639008
161,3,161,anemia_other,anemia_other,M,86,0.0034361195995459494,0.0,0.16093663605656636,0.044781380141666625,0.0061424188564967105,0.03579531992881825,0.004584430773904458,0.0293522941870419,0.02857491881467785,0.03370885237052473,0.10325058157806555,0.5494370476926915
162,3,162,copper_deficiency,copper_deficiency,F,37,0.0013441441441441441,0.0024170689175473867,0.09824418384193366,0.062047696038843664,0.0013939393939393938,0.036897557374247665,0.004996700902583256,0.046216934423767175,0.5625844114510091,0.01457807360995561,0.0503501542240183,0.11892913567801089
163,4,163,inflammation_anemia,inflammation_anemia,F,47,0.012362182739967075,0.0056543447886485965,0.08746721919665072,0.02361381957355708,0.0032821589205397302,0.010964418507988252,0.004883310185336124,0.05113755352642679,0.020631584066831243,0.6915901672572299,0.016597229642614755,0.07181601159420989
164,4,164,no_anemia_no_deficiency,no_anemia_no_deficiency,M,84,0.6352248536318444,0.03512399073304111,0.0043960269505586725,0.0,0.06384334597984691,0.004298496548496549,0.20629707366143055,0.016951153587664743,0.009777356186609408,0.014569133740657873,0.0,0.009518568979849956
165,2,165,B6_deficiency,B6_deficiency,M,56,0.29934352707441775,0.051436320037261105,0.00955771220850915,0.0037632413657213296,0.006817091843790873,0.0024367816091954023,0.05714865438553392,0.5177758393806291,0.0341848764873316,0.009619563370855126,0.0,0.007916392236754916
166,1,166,iron_deficiency_anemia,iron_deficiency_anemia,F,44,0.0,0.0049593076201955265,0.7843277541901744,0.001975805091890069,0.002,0.0009074355083459786,0.0014838709677419354,0.0,0.0,0.0009387755102040817,0.200802585401719,0.0026044657097288675
167,5,167,folate_deficiency_no_anemia,no_anemia_no_deficiency,F,44,0.4296285327411112,0.037922625877618646,0.010098137938510186,0.005112945182863356,0.18188871954894614,0.016927480077546266,0.2235615354503949,0.037923019003813424,0.022496419420336672,0.004359921196201252,0.0030857699805068224,0.026994893582151274
168,4,168,inflammation_anemia,inflammation_anemia,F,69,0.003826190476190476,0.003946048632218846,0.018335082981877558,0.0029444444444444444,0.0,0.0014281805745554035,0.0,0.0,0.0066826767944415,0.9512922830309659,0.010036896343994598,0.0015081967213114752
169,3,169,folate_deficiency_anemia,folate_deficiency_anemia,F,48,0.002827938472531025,0.0008070175438596492,0.009624306192037664,0.026453012724781313,0.008061538461538462,0.7961960547979023,0.0335487792743386,0.003776470588235294,0.0012432432432432433,0.01041006371355579,0.0728370070825531,0.03421456790542341
170,2,170,latent_deficiency,latent_deficiency,F,54,0.08052901507280748,0.797281425370055,0.04146098333696996,0.0,0.021292053656498573,0.0,0.02699957004574173,0.001959105619299794,0.009550436395054561,0.005637402005868699,0.01327168458781362,0.0020183239098901747
171,4,171,mixed_deficiency,mixed_deficiency,F,65,0.0005084745762711864,0.0027407407407407406,0.09580508718605023,0.003277777777777778,0.0012105263157894737,0.01941007918673562,0.0034724962980282126,0.0,0.0059949852507374625,0.0027,0.85627348745058,0.008606345217289356
172,2,172,B6_deficiency,B6_deficiency,M,55,0.0953549657162398,0.04508710282442015,0.018370101934418157,0.012621820814669482,0.012660271076712163,0.029075948144524594,0.1024243160151853,0.5436169810964115,0.040400041666339495,0.03764476768949512,0.011295056118577918,0.05144862690300644
173,3,173,anemia_other,anemia_other,F,30,0.020978612614530955,0.0011961884406447591,0.1258267046562499,0.04746312668406314,0.013408074601632099,0.08264256451364023,0.005467445053373531,0.02444355288196131,0.047047320388820604,0.08311497430333144,0.049165643681009175,0.4992457921807433
174,1,174,inflammation_anemia,inflammation_anemia,F,54,0.0025652173913043477,0.0006564215148188804,0.1352556072281068,0.03376783470672814,0.005683395308572715,0.025994623813921803,0.00045161290322580643,0.029238822559419366,0.010271763877528869,0.5211362178992186,0.13991802984048457,0.09506045295667007
175,1,175,iron_deficiency_anemia,folate_deficiency_anemia,F,69,0.0310402644008399,0.006078921090118294,0.13892095938727153,0.05342322923455177,0.027628354042532367,0.20948645063099644,0.06039052410136704,0.03513314110003545,0.0729688076181407,0.015152920813583538,0.1763008888661897,0.1734755387143732
176,1,176,no_anemia_no_deficiency,no_anemia_no_deficiency,M,42,0.7282978328091764,0.0479687182855221,0.004753846153846154,0.0003583617747440273,0.05443510553334873,0.00562044817927171,0.1263784258858094,0.010471309576733418,0.007791088765749303,0.003663268553244687,0.00116,0.009101594482554452
177,3,177,copper_deficiency,copper_deficiency,F,84,0.061606528586084855,0.008284953131818413,0.0029871521351083874,0.008688566741485266,0.07407623652937802,0.030540451707809297,0.08663156223299208,0.0018478260869565217,0.7100251468196236,0.001645115562403698,0.0014109455113238683,0.012255514955016214
178,4,178,iron_deficiency_anemia,iron_deficiency_anemia,F,70,0.007652302939042926,0.07947206801674762,0.6146930645615023,0.010433482450753219,0.0,0.009323652498361316,0.0015789473684210526,0.04027433821837881,0.008293423333727465,0.04037942258541358,0.1559613295977526,0.03193796842989883
179,2,179,iron_deficiency_anemia,anemia_other,F,87,0.029893446107010432,0.019960734008529612,0.21434473195575474,0.11922648887976064,0.021962892662892662,0.12070242667108953,0.021425103026595897,0.024715836277081377,0.02410716200894052,0.025449937126574864,0.11824531355853161,0.2599659277172383
180,4,180,iron_deficiency_anemia,iron_deficiency_anemia,F,22,0.0016866541916840299,0.023863484953518546,0.8252681344080048,0.0,0.0,0.0012000000000000001,0.003176060638718253,0.004409090909090909,0.0,0.015674199623352165,0.106531328320802,0.018191046954829294
181,1,181,anemia_other,anemia_other,M,76,0.007221567263634511,0.0,0.014003501576311857,0.0061439865354904945,0.0015969465648854964,0.019095411284788758,0.0029606203804677083,0.025147811447811447,0.011158709035798457,0.03742989075233499,0.004056787166980684,0.8711847679914952
182,5,182,folate_deficiency_no_anemia,folate_deficiency_no_anemia,F,71,0.14873354979242678,0.02093935161845911,0.006680554114523236,0.0029137621901234555,0.08390379466857822,0.05403307203681389,0.6241597463304956,0.0067536778157467805,0.014023984379646946,0.009486095143321407,0.007519518077774222,0.020852893832089613
183,1,183,mixed_deficiency,B12_deficiency_anemia,F,60,0.0,0.0,0.0009712902109996541,0.46728905634809975,0.0016304347826086956,0.11792988495211834,0.007957864357864358,0.0,0.0011764705882352942,0.0,0.3973397642793547,0.00570523448071908
184,5,184,inflammation_anemia,inflammation_anemia,F,56,0.009988287657419838,0.006206472491909385,0.04536161723546417,0.013267195970916641,0.008907959512307337,0.009466485382422807,0.0037983421479913016,0.0057933224030128315,0.01156200664009171,0.8411959758853487,0.019589108318434516,0.024863226354680995
185,1,185,latent_deficiency,latent_deficiency,M,79,0.12141050508530404,0.7570086601761884,0.027200763405706756,0.0,0.037729269275782455,0.0016428571428571427,0.027868915347451315,0.006382610939112487,0.0010232558139534884,0.012051033401063243,0.003682129412580363,0.004
186,4,186,latent_deficiency,latent_deficiency,F,79,0.0008717948717948717,0.8794747366780524,0.04810590297156401,0.0022372881355932207,0.002641929381694409,0.0,0.0033236363636363632,0.012335849056603773,0.0,0.005583829514325968,0.04403109363279533,0.0013939393939393938
187,3,187,iron_deficiency_anemia,iron_deficiency_anemia,F,48,0.002481171548117155,0.017703244883921252,0.4538546599782107,0.01688992214718984,0.0016830117949980122,0.02151742895789888,0.0017037037037037038,0.009533333333333333,0.02659670405388599,0.013878356626072754,0.39233037285553446,0.04182809011713397
188,4,188,anemia_other,anemia_other,F,63,0.013053475765001009,0.0,0.014928966191324772,0.009600687993191147,0.0018908200734394124,0.02704091377525559,0.0013043478260869564,0.010615742608984671,0.023704868126494204,0.02402555407828854,0.01421885797651421,0.8596157655854195
189,4,189,anemia_other,no_anemia_no_deficiency,M,66,0.22673361688392563,0.031205444435436207,0.03676874453525828,0.03685261603830445,0.16402550128842114,0.05998028982333715,0.178987635005264,0.04770895079723181,0.11177666282411215,0.02979190493469892,0.013301107019203846,0.06286752641480657
190,4,190,no_anemia_no_deficiency,no_anemia_no_deficiency,F,18,0.8486112089369816,0.035129343870727824,0.0013134328358208956,0.0,0.047092686806703546,0.0005801217038539552,0.035781540008935644,0.006267846621723135,0.011277555930247495,0.003704806729765249,0.0020725254078059617,0.008168931147434775
191,4,191,iron_deficiency_anemia,iron_deficiency_anemia,F,81,0.06661263204201412,0.04334335222456944,0.31925533217113206,0.037154968931547516,0.052580601192944755,0.047356940172845786,0.06841646645746664,0.0549751633154178,0.027080660308824046,0.015157833362814014,0.23244291706825504,0.035623132752168836
192,2,192,no_anemia_no_deficiency,no_anemia_no_deficiency,M,76,0.6339874753634146,0.2684241178884758,0.01868117937813017,0.0,0.01524752797293781,0.0,0.013499060181422185,0.028111358532375764,0.013187481436531399,0.002771311475409836,0.0,0.006090487771302712
193,4,193,B12_deficiency_no_anemia,no_anemia_no_deficiency,M,88,0.40501797169966536,0.10815016013878387,0.00654447726316153,0.001691972845520029,0.3230996420835229,0.0032142857142857142,0.12493110405682963,0.01645805968665063,0.0010666666666666667,0.0019409937888198758,0.004916869802847087,0.0029677962532470444
194,5,194,latent_deficiency,latent_deficiency,M,77,0.002539318025711852,0.9751421633526857,0.012922142722397391,0.0,0.0,0.0016721311475409836,0.0,0.002,0.0,0.0023345622119815665,0.00338968253968254,0.0
195,1,195,mixed_deficiency,mixed_deficiency,F,71,0.0,0.004953840912962017,0.2271612345665181,0.02441154753426794,0.0045438596491228075,0.0028235294117647056,0.0,0.0,0.0031764705882352945,0.005494331065759636,0.7233266740405664,0.004108512230803252
196,2,196,anemia_other,anemia_other,F,71,0.0070834091648318154,0.002,0.016827603410039953,0.00979918997302289,0.0032,0.0444504394993209,0.0023246714052304585,0.02863639437972148,0.019946347330317922,0.03494484114386573,0.008958300724462935,0.8218288029691855
197,4,197,B12_deficiency_no_anemia,B12_deficiency_no_anemia,F,74,0.1628923018421015,0.02230992345003764,0.004977551340549315,0.00297979797979798,0.6844231196601546,0.004746783625730993,0.07914568283467045,0.027108029025157958,0.005278435017912595,0.0018644783292926714,0.0009023569023569025,0.0033715399922375077
198,2,198,iron_deficiency_anemia,iron_deficiency_anemia,F,69,0.0,0.00591945328848073,0.7517905860639853,0.0009387755102040817,0.0,0.00350403204876856,0.0006784660766961652,0.0037055555555555553,0.0,0.0071991869918699184,0.22384289183286046,0.0024210526315789475
199,4,199,no_anemia_no_deficiency,no_anemia_no_deficiency,F,45,0.4766326430937803,0.030296270549295085,0.026844438142115987,0.008534703231885037,0.05208627831983057,0.01164027684639992,0.16025513185455564,0.05801572565096417,0.01729169726384652,0.026401457211873994,0.007246734918156053,0.12475464291729663
200,5,200,latent_deficiency,latent_deficiency,F,71,0.020428134698502354,0.9002101920751786,0.0358511973645988,0.0,0.0008461538461538462,0.0,0.006363703703703703,0.008785335434362941,0.0016585365853658538,0.00989670499096956,0.014749514985374891,0.0012105263157894737
201,4,201,iron_deficiency_anemia,iron_deficiency_anemia,F,52,0.0011879699248120302,0.03455491194989359,0.8548555989628888,0.0,0.0,0.0,0.0026417657045840408,0.0009019607843137256,0.0,0.0025555555555555553,0.097066884585678,0.006235352532274081
202,3,202,B6_deficiency,B6_deficiency,F,72,0.02732380570625078,0.00286865515436944,0.039161096574456565,0.0030953488372093023,0.00246390977443609,0.007587995596537217,0.004342913804232843,0.7619200026042673,0.01793213213290439,0.0522920007608631,0.011564045125137475,0.0694480939293356
203,5,203,mixed_deficiency,mixed_deficiency,F,69,0.0010222222222222223,0.0063,0.06383358460473654,0.014959990831330958,0.0033939393939393936,0.006122189870802523,0.0,0.0,0.006709803921568627,0.001559322033898305,0.889565232058882,0.00653371506261929
204,3,204,latent_deficiency,latent_deficiency,F,50,0.013940544579114793,0.9369655749776525,0.027030376782091137,0.0,0.004072994951246772,0.0,0.0014666666666666667,0.009998758072528565,0.0010454545454545454,0.0026434556574923547,0.002836173767752715,0.0
205,3,205,B6_deficiency,B6_deficiency,M,46,0.20637694480394955,0.06544525022940356,0.011453069617505307,0.003417460317460318,0.062378822628841236,0.015228762238469926,0.07925132257425634,0.48861241379190473,0.01925777297598685,0.01094104555496622,0.003407795698924731,0.03422933956833121
206,4,206,folate_deficiency_anemia,folate_deficiency_anemia,F,80,0.00286612601976988,0.0009696969696969697,0.04612579215552594,0.11168869152681879,0.009801424197365724,0.5132379488608959,0.045804515682160735,0.023544805145275887,0.026751827483829493,0.0034602316204912303,0.12226261618874787,0.09348632414942146
207,5,207,copper_deficiency,copper_deficiency,M,73,0.37638711537504715,0.05540736662099724,0.007683937273670432,0.003937080517601408,0.02259586591187339,0.014210628331283922,0.05621559855052279,0.06142153348840694,0.3853863552243068,0.005542905780382864,0.0020537175609315833,0.009157895364975707
208,4,208,mixed_deficiency,mixed_deficiency,F,54,0.0034028337636352306,0.025528738512949036,0.3456728052277277,0.014310026697115437,0.005176195204993616,0.02592089543273739,0.006195088622978846,0.014154283411775895,0.012394386894839852,0.040301532937147784,0.4733117850239912,0.03363142827010803
209,3,209,folate_deficiency_anemia,folate_deficiency_anemia,F,26,0.00125,0.0,0.0073788973250897335,0.09876048122277223,0.0013939393939393938,0.6637958047144367,0.04167422419850127,0.0017962962962962965,0.0068886977886977886,0.006312530481520029,0.1273381860744889,0.043410942504257796
210,2,210,iron_deficiency_anemia,iron_deficiency_anemia,M,27,0.0,0.003914035087719298,0.7445063156142103,0.0,0.0,0.0008679245283018867,0.0,0.0008108108108108108,0.0008108108108108108,0.0,0.24649020944299,0.002599893705156863
211,5,211,copper_deficiency,copper_deficiency,F,73,0.001260536398467433,0.0,0.008347055078463839,0.032910770201901224,0.002,0.08410305698618528,0.0016981132075471696,0.0,0.808991721575275,0.002748578967189944,0.016175374018662095,0.04176479356630831
212,4,212,copper_deficiency,copper_deficiency,F,68,0.04515743579065209,0.005398007956128306,0.00613570781356344,0.01757891097002116,0.04671938136193363,0.04717381732304212,0.09175582207498142,0.01211669703955467,0.703938929655765,0.006094074185934652,0.006576308064365419,0.011354907764058423
213,1,213,B12_deficiency_anemia,B12_deficiency_anemia,M,74,0.0003703703703703704,0.0,0.0016666666666666666,0.7150707888341672,0.026765002096828625,0.016061923068868052,0.0,0.004990752712004235,0.011878983390426553,0.0014477611940298507,0.21227947091951477,0.009468280747124032
214,3,214,iron_deficiency_anemia,iron_deficiency_anemia,F,37,0.0,0.006257017543859648,0.68462550783968,0.004868829805956237,0.0015980832584606168,0.003655803316180674,0.0,0.0,0.0,0.0012358052131743787,0.29637617700923785,0.0013827760134504017
215,1,215,iron_deficiency_anemia,iron_deficiency_anemia,F,58,0.03223722845293687,0.018677183725624033,0.566601078662481,0.029795493687518278,0.009335052080741736,0.018165385453089676,0.0066262022963218935,0.05721433275177543,0.02635409852873278,0.03341535765939134,0.1172729310157856,0.08430565568560106
216,5,216,anemia_other,anemia_other,F,32,0.010654938640747258,0.0,0.021146000378615148,0.01282322851205258,0.0,0.016837839428307255,0.0023937621832358677,0.01947944342940755,0.011036711472241811,0.021010364044786865,0.00804232975805835,0.8765753821525473
217,5,217,folate_deficiency_anemia,folate_deficiency_anemia,F,45,0.0016515325341646125,0.0,0.008701042957655083,0.040515538296942204,0.005,0.6633327622813284,0.04605426919175921,0.009242857699433804,0.009719671107382635,0.02356057888777598,0.07551008851315295,0.11671165853040466
218,2,218,B12_deficiency_anemia,B12_deficiency_anemia,F,26,0.0023493300001344026,0.0006009144350097974,0.014625373753508086,0.6497720855151856,0.021510055114206908,0.07579425506387295,0.0034285714285714284,0.008184157451300604,0.02608175547807928,0.007032339995011977,0.15982048760892548,0.030800674156193582
219,2,219,folate_deficiency_anemia,folate_deficiency_anemia,F,45,0.0004672395273899034,0.0011446051167964403,0.017630739772636794,0.05508481057442933,0.0028736263736263735,0.49827330229947736,0.012524320835533653,0.160964915535051,0.161188089421703,0.003202419676995948,0.05041342634340601,0.036232504522954234
220,1,220,mixed_deficiency,B12_deficiency_anemia,F,66,0.008423575427152247,0.0,0.012634911666581223,0.40536906064023087,0.00887220026350461,0.21713042481479028,0.01346583850931677,0.006784251190634168,0.048242839355816275,0.025584632014393583,0.197211438215183,0.05628082790239692
221,3,221,B12_deficiency_no_anemia,B12_deficiency_no_anemia,F,84,0.15612582901121824,0.030017925123926613,0.006627262559563528,0.013929728704386916,0.48857685057723493,0.02230709575319176,0.23302412951901919,0.0012363636363636364,0.014756835909139135,0.004322196796338673,0.0059197664541666304,0.02315601595545054
222,5,222,iron_deficiency_anemia,iron_deficiency_anemia,F,50,0.004882182638861339,0.06833896199491091,0.606362913770503,0.0026217023394723743,0.0035611707133446266,0.00661734564981603,0.001792207792207792,0.08502333664349553,0.0019987349778621127,0.056734277675075565,0.1520072683953426,0.010059897409108275
223,2,223,inflammation_anemia,inflammation_anemia,M,41,0.0005437383177570093,0.0012093023255813954,0.039200019375290156,0.0033331162552049415,0.0,0.0065149377081911,0.0006796116504854368,0.010213387482285254,0.0022828535669586984,0.8982671935010137,0.030519899967608365,0.00723593984962406
224,4,224,anemia_other,anemia_other,F,44,0.008665548677165512,0.0,0.014738791917869318,0.006454570065310818,0.0,0.10914995006630415,0.007852538439004604,0.031866929149876856,0.0009629629629629631,0.01287624625219652,0.030999608950368823,0.7764328535189405
225,5,225,B12_deficiency_anemia,B12_deficiency_anemia,F,82,0.0014888734888734887,0.0,0.05087033166897457,0.4184991870529606,0.04552361091996917,0.13927036188060277,0.016114264468464222,0.020325528618648257,0.035667038127426304,0.012517837951917047,0.12993758862205396,0.12978537720010974
226,4,226,folate_deficiency_anemia,folate_deficiency_anemia,F,55,0.007561530102323272,0.0,0.005089594653649659,0.11569813514630035,0.00693449407735122,0.5651628556024121,0.01011561566097449,0.004196969696969697,0.008556589147286821,0.1047345240986124,0.1508776495683624,0.0210720422457573
227,1,227,iron_deficiency_anemia,iron_deficiency_anemia,F,53,0.0,0.0033695062398263705,0.5361952723733733,0.005450433145009416,0.0,0.002,0.0,0.0,0.0,0.0,0.45144039312525364,0.0015443951165371808
228,3,228,inflammation_anemia,inflammation_anemia,M,93,0.21935866285529007,0.0614727375263932,0.03516882702910925,0.006530625433844705,0.05601849375149624,0.013087611561289889,0.05644738707471326,0.024821690092811783,0.018115758352907532,0.4444915470183311,0.010655266240636436,0.053831393063176435
229,3,229,inflammation_anemia,inflammation_anemia,F,76,0.0,0.0028833333333333332,0.0022723356009070298,0.0006666666666666666,0.0,0.0,0.0,0.0033,0.0,0.9795980935371288,0.009230475254729148,0.002049095607235142
230,4,230,anemia_other,anemia_other,M,58,0.11234805783904023,0.0031080718051719807,0.06025525151511333,0.07366439822086741,0.08036108554395609,0.03439203519988179,0.029652562649845955,0.08276525060951247,0.03804768480769263,0.03444428357764927,0.0336398144347027,0.41732150379656613
231,3,231,B12_deficiency_no_anemia,B12_deficiency_no_anemia,F,81,0.08801847805723598,0.017258596976793696,0.008282585017117214,0.01703429833247843,0.7571981473992251,0.011781321788817327,0.06142412679759436,0.0036219667943805877,0.011636532701709324,0.0036829268292682925,0.015212107750781342,0.0048489115545983985
232,3,232,latent_deficiency,latent_deficiency,M,66,0.24828878116090153,0.6204304266700936,0.03488279923223336,0.0015945945945945944,0.024423146719349063,0.0009189189189189188,0.018851761918418874,0.025687999256998145,0.0007411444141689374,0.01290642932206413,0.006992792792792793,0.004281204999465869
233,4,233,iron_deficiency_anemia,iron_deficiency_anemia,M,54,0.009102090460367706,0.017088161231655748,0.5492288473129743,0.005207096221583782,0.0,0.022293190289960504,0.018823554830251887,0.048606462133149314,0.013235686495929702,0.041398953772411276,0.25003935339337546,0.02497660385834031
234,3,234,folate_deficiency_no_anemia,no_anemia_no_deficiency,M,64,0.48184350197343334,0.029254076605681783,0.004595698270782925,0.0008121827411167512,0.01814520255390841,0.034452113303699475,0.38045778223100113,0.023256296607362656,0.010936784620161987,0.0016586021505376346,0.0059701933142293235,0.008617565628084562
235,3,235,B6_deficiency,B6_deficiency,F,21,0.00738524417169946,0.0,0.05898176357986199,0.0044639648216147606,0.001375,0.008862593398153915,0.0009333333333333333,0.8098486329557478,0.019259920214195606,0.011644419547448251,0.017401756732934714,0.05984337124501007
236,5,236,B12_deficiency_no_anemia,B12_deficiency_no_anemia,F,59,0.08970996600156238,0.005115253160764875,0.0009299472457367195,0.023964840282492923,0.7801779490427366,0.007543684427781462,0.06571243807362767,0.0,0.007719783197831978,0.0004081632653061225,0.013579820387467783,0.005138154914691228
237,4,237,iron_deficiency_anemia,iron_deficiency_anemia,F,41,0.05177354935091181,0.19264024825689882,0.3061290212817912,0.03244761090500713,0.04056180295744572,0.006653556492733469,0.015359104504100224,0.11593670215466827,0.017282598375724316,0.08340725226662055,0.09609127333876555,0.04171728011533289
238,2,238,mixed_deficiency,iron_deficiency_anemia,F,51,0.005352941176470588,0.014640241758907609,0.41599863282053356,0.020663620156476305,0.006902116402116402,0.015248084561882053,0.0017099146807884671,0.00960166384725954,0.02415870612435349,0.08572664225051081,0.3675782209208593,0.032419215299841736
239,5,239,no_anemia_no_deficiency,folate_deficiency_no_anemia,F,76,0.20952055877173154,0.012577931423051447,0.061939245953384896,0.006200274490588837,0.03582842090090092,0.060342656479726815,0.3271082716646683,0.05350162756116559,0.02345870932526025,0.033545887394332834,0.027654179786827916,0.14832223624836052
240,3,240,mixed_deficiency,iron_deficiency_anemia,F,45,0.0015097580015612801,0.06945718388078545,0.6164940403349726,0.002837099811676083,0.008322495306366275,0.00435548172757475,0.0031111111111111114,0.001096774193548387,0.0,0.006411189424027149,0.2843264153642855,0.0020784508440913605
241,4,241,mixed_deficiency,mixed_deficiency,F,70,0.00032951289398280804,0.0049216216216216215,0.19618806031393843,0.015572193639919948,0.0,0.05026891122700435,0.00813400404901703,0.0,0.0022617700437706843,0.008079532163742692,0.7071396897302832,0.0071047043167194205
242,5,242,no_anemia_no_deficiency,no_anemia_no_deficiency,M,49,0.5922082776182322,0.08028533476787855,0.031676719543755436,0.0012957902043727876,0.02225779293745203,0.010093159949957447,0.06755191063730023,0.06766057959652128,0.00900370959096614,0.02129915834742836,0.00907627477514824,0.08759129203098721
243,4,243,mixed_deficiency,iron_deficiency_anemia,M,65,0.004540613058879313,0.1400472770610343,0.4678975796591511,0.0025555555555555553,0.004738873486064497,0.012879327835631386,0.030687019865627677,0.002779476624522199,0.0,0.018320078379447283,0.3058483659899351,0.009705832484151675
244,1,244,B12_deficiency_anemia,B12_deficiency_anemia,F,44,0.0025989417989417986,0.0,0.013908296482519325,0.7092080288910799,0.028403914041127187,0.03195361956900594,0.005746548782379401,0.00314850640113798,0.03080975406299909,0.0033377679231337766,0.15544435638816598,0.015440265659509862
245,5,245,inflammation_anemia,inflammation_anemia,F,83,0.029560052537482916,0.03191012384781084,0.08390255696704386,0.008832010805948257,0.004630434782608695,0.0012000000000000001,0.0036024374185864164,0.05745413141330177,0.012440285067793828,0.7054777202370499,0.019041811257368292,0.041948435665005314
246,4,246,iron_deficiency_anemia,iron_deficiency_anemia,F,80,0.0020444444444444447,0.017249274086116193,0.6686651529048298,0.0020820493066255777,0.0,0.002466386554621849,0.0,0.003349122807017544,0.0011764705882352942,0.009550399052657763,0.2886979772183507,0.004718723037100948
247,1,247,B12_deficiency_anemia,B12_deficiency_anemia,F,69,0.000391156462585034,0.0,0.018463448101504746,0.5822487916587286,0.040312613159600184,0.12232260407379908,0.010642670460485348,0.00386231884057971,0.028041478116483373,0.0045,0.14201632541883819,0.04719859370739576
248,5,248,anemia_other,anemia_other,M,66,0.008980481356380736,0.0005812220566318927,0.13844318508641448,0.04705526177807721,0.004675492791997646,0.025060651587016685,0.00876083562440983,0.08392094629444259,0.109364283230521,0.04260275483324558,0.04160178947839328,0.4889530958824693
249,4,249,folate_deficiency_no_anemia,no_anemia_no_deficiency,F,68,0.27941683716466265,0.02557910125532766,0.016894892484532683,0.00030434782608695655,0.2200320199753336,0.012388489267790528,0.2725429886652691,0.0524209622001234,0.0781227009363168,0.022874324599550543,0.0020712669561610587,0.01735206866884498
250,3,250,no_anemia_no_deficiency,no_anemia_no_deficiency,M,36,0.563068636225314,0.1395248588008918,0.00598439687038425,0.0,0.007568255954406306,0.013245481139765473,0.21347794112138604,0.020075839249767257,0.006497712418300654,0.005877261216725431,0.00973504497177011,0.014944572031289073
251,5,251,no_anemia_no_deficiency,no_anemia_no_deficiency,F,42,0.7064057408857662,0.04689947124031378,0.004104087049976953,0.0,0.049740597978394675,0.004954754601226994,0.13335255723762915,0.013151712430075218,0.02433807780444102,0.006094469901425898,0.0004571428571428572,0.010501388013607154
252,1,252,folate_deficiency_anemia,mixed_deficiency,F,93,0.0009754070976400722,0.0,0.016322622448606508,0.14963114302990013,0.02046483061372198,0.32221179018457324,0.013298495659395617,0.005016577540106952,0.01957536950023076,0.0028428571428571426,0.3408285104723986,0.1088323963105687
253,4,253,latent_deficiency,latent_deficiency,F,64,0.0037194316834191104,0.9677552367974984,0.015138990315460905,0.0,0.0,0.0,0.003290992366412214,0.004,0.0,0.0,0.006095348837209302,0.0
254,2,254,iron_deficiency_anemia,iron_deficiency_anemia,F,72,0.006806725492987874,0.02021666830838334,0.5925432754800809,0.013350073109231872,0.006805246812683883,0.015270931480652592,0.0019379740854037655,0.11423167291130427,0.023815285721637432,0.013871611348714953,0.1357473196701003,0.05540321557881854
255,5,255,B12_deficiency_anemia,B12_deficiency_anemia,F,72,0.0,0.0,0.012615443981624687,0.6998005456203568,0.024677084059689363,0.06872541474852373,0.004895661514025207,0.0015333333333333332,0.0014070588235294119,0.008446158813347935,0.16082140126689828,0.017077897838671616
256,3,256,mixed_deficiency,mixed_deficiency,F,18,0.0,0.004368580542264753,0.34009547817644015,0.012108777125191162,0.0015454545454545456,0.0016428571428571427,0.0,0.0010344827586206897,0.0025432432432432434,0.017848010806361954,0.6117130932085145,0.007100022451051918
257,3,257,folate_deficiency_anemia,copper_deficiency,M,43,0.020498822759548608,0.0,0.06395990980858128,0.16189913627680041,0.022085435118683966,0.21815895795988463,0.015843438742230268,0.004123650613070408,0.2975307565604102,0.020773399669610615,0.024986703966780544,0.1501397885243992
258,3,258,no_anemia_no_deficiency,no_anemia_no_deficiency,M,69,0.8086097007958036,0.048337395759654164,0.0021437854850997334,0.0010714285714285715,0.047213401730055025,0.005213221601489758,0.056427446121256275,0.005407197249382828,0.010980000734924007,0.0006219081272084805,0.002,0.011974513823697899
259,3,259,B12_deficiency_anemia,B12_deficiency_anemia,F,80,0.0007428571428571428,0.0016885964912280703,0.0021974101921470343,0.5717487575261084,0.01058491895701198,0.0037161076604554865,0.0,0.2757990342923107,0.002,0.0,0.12459452101029006,0.006927796727591336
260,1,260,folate_deficiency_anemia,folate_deficiency_anemia,F,39,0.0043905750375342585,0.0,0.04408593943905941,0.2845737925171882,0.008863533801565838,0.404992155247917,0.019825129762154132,0.011058316296378093,0.03590059807134077,0.008982106783317352,0.07802954352440816,0.09929830951913701
261,5,261,mixed_deficiency,mixed_deficiency,F,64,0.0,0.003296823369102367,0.105021502206742,0.13751084776731864,0.008170015202485585,0.0058155683709277435,0.002,0.008378222768812444,0.003357470678225395,0.013992428609862025,0.7019731929597485,0.010483928066775183
262,4,262,mixed_deficiency,mixed_deficiency,M,85,0.001296732026143791,0.0014286391654812708,0.09218646363975397,0.04093164888780193,0.008338440585631594,0.0013939393939393938,0.0,0.0017254901960784311,0.0024352941176470585,0.0012777777777777776,0.8440540263297879,0.004931547879956751
263,4,263,mixed_deficiency,B12_deficiency_anemia,M,74,0.001701252723311547,0.0012615629984051037,0.004303665318266136,0.3343254947786148,0.013739693230515373,0.3131260209722201,0.008861101692323323,0.0036432985297251224,0.007446938027509572,0.0,0.28893798603134646,0.02265298569776246
264,3,264,no_anemia_no_deficiency,no_anemia_no_deficiency,M,82,0.6829148119541798,0.17613896300145818,0.008233581419982016,0.0,0.008374242827226916,0.0008461538461538462,0.030093643390131198,0.05519890653789302,0.01996639552892506,0.0035882330588444043,0.0008500000000000001,0.013795068435205567
265,1,265,mixed_deficiency,mixed_deficiency,F,54,0.0029508947928416573,0.0,0.022313637730179497,0.3183393263960827,0.014673370290269386,0.12814309404104043,0.014967449894279164,0.0015333333333333332,0.0067211070418617585,0.0,0.4807336452412723,0.009624141238839683
266,4,266,copper_deficiency,copper_deficiency,F,77,0.004089499335400974,0.0,0.020792000388407884,0.004253508233500283,0.0027032967032967034,0.008065898305834096,0.0,0.004498145204027556,0.8792836908859482,0.010853018792483005,0.010009610203647708,0.05545133194745333
267,2,267,iron_deficiency_anemia,iron_deficiency_anemia,M,83,0.0020298507462686564,0.0016140350877192984,0.8311517843978656,0.0006133333333333332,0.0,0.004053690433579987,0.0,0.005303512603512603,0.002975609756097561,0.013022587340020753,0.13128990272381108,0.007945693577791282
268,5,268,latent_deficiency,latent_deficiency,M,68,0.08398390440463166,0.8126509686849525,0.017026556033968444,0.0,0.011392339867749705,0.0,0.004913511182290966,0.00470950950950951,0.0014166666666666668,0.017558166781401666,0.046348376868829005,0.0
269,5,269,no_anemia_no_deficiency,no_anemia_no_deficiency,F,66,0.8098915423456851,0.03960040432652848,0.0022111574429051085,0.0015438596491228072,0.02618847068125464,0.004361464504047624,0.0656881964844305,0.022836421079870967,0.00769785404065323,0.013330226186521332,0.0003859649122807018,0.006264438346699778
270,4,270,inflammation_anemia,inflammation_anemia,F,74,0.00847814092692073,0.01267617070910792,0.07456935848056369,0.0036210130427361247,0.0023961685823754787,0.006231431896140513,0.0019508648231794648,0.027211672169422194,0.013958364007954246,0.7227140123348352,0.04895835711316229,0.07723444591360225
271,2,271,folate_deficiency_no_anemia,no_anemia_no_deficiency,F,68,0.3771007961248474,0.057502015460602365,0.0018204954650060919,0.0005555555555555556,0.17746421055604444,0.007161247798415939,0.302300784714116,0.010915859697236172,0.0518394326041287,0.0005800376647834275,0.0005931310577328277,0.012166433301530983
272,1,272,B12_deficiency_anemia,B12_deficiency_anemia,F,43,0.00896615768664138,0.0003339382940108893,0.008514872796997107,0.4129827598386635,0.11141667002649608,0.08590364961671938,0.028121936691726288,0.002722739083060934,0.011596584969364913,0.002850875395937407,0.3062771377277305,0.020312677872651296
273,1,273,latent_deficiency,latent_deficiency,F,71,0.00228796992481203,0.9507503732499875,0.029777256871511396,0.0,0.0009886219974715549,0.0,0.00136,0.0014166666666666668,0.0014166666666666668,0.0,0.012002444622884072,0.0
274,3,274,mixed_deficiency,mixed_deficiency,F,67,0.0,0.012242245227126912,0.27233072898280314,0.004555555555555556,0.0,0.026766769037824586,0.00503030303030303,0.0017358490566037736,0.005575757575757576,0.022240959459151888,0.6347747597138035,0.014747072361070172
275,2,275,latent_deficiency,latent_deficiency,F,60,0.11688465926418688,0.5377967580718814,0.1716265734759783,0.007999078341013825,0.02679508129129663,0.003086806993535841,0.057806697324899584,0.017531839717190252,0.008822062300097343,0.010823767115095868,0.03568381896196681,0.005142857142857143
276,4,276,latent_deficiency,latent_deficiency,F,27,0.09033880998500202,0.5278698905680834,0.07284453388542157,0.0015666054203031694,0.047488677713322165,0.0024589232414486597,0.03162207181545071,0.1359151619166817,0.05280401918298673,0.014797050911496417,0.0165168808308592,0.0057773745289439425
277,4,277,folate_deficiency_no_anemia,no_anemia_no_deficiency,F,36,0.32872521910245683,0.1659242853022669,0.011108757624062101,0.0066101485262335035,0.14223360153603481,0.010332491467188568,0.22113189682943463,0.05035187833925501,0.03648809080003705,0.01027021698706828,0.009565795121705389,0.0072576183642571075
278,5,278,iron_deficiency_anemia,iron_deficiency_anemia,M,25,0.0006865671641791045,0.003950123285560179,0.896535098265747,0.0012777777777777776,0.0,0.0,0.0,0.0,0.0,0.006216553287981859,0.089789485102217,0.0015443951165371808
279,5,279,B12_deficiency_anemia,B12_deficiency_anemia,M,77,0.0030736842105263157,0.0009263157894736842,0.020764686039813633,0.668483748091424,0.026800715838816783,0.04288682708629387,0.0017881828316610926,0.008174071216609801,0.005654267310789049,0.004966711561689804,0.17687034130229717,0.03961044872060492
280,1,280,no_anemia_no_deficiency,no_anemia_no_deficiency,F,49,0.7688480401940162,0.040565649269469886,0.0023964402062932747,0.0,0.05274396331206603,0.0027695581014729955,0.09505474048217909,0.01796583518234074,0.010923379952240006,0.0012673763306199125,0.00035817157169693183,0.007106845397604812
281,5,281,no_anemia_no_deficiency,no_anemia_no_deficiency,F,30,0.23596934243609038,0.011373948113547706,0.031558890526946194,0.02713846498583663,0.08264481494190767,0.08415046368500172,0.21828212796483845,0.029135294749711223,0.04689151840006907,0.032688670667367865,0.013272476112735543,0.18689398741594762
282,2,282,B6_deficiency,B6_deficiency,F,44,0.016117529687210523,0.029612254885104893,0.0820560719105804,0.024571008560003986,0.026290646820640286,0.006961451725132738,0.013092462025709552,0.7156438455069908,0.008976786113068512,0.012337551537820401,0.03336580621293704,0.030974585014800576
283,2,283,no_anemia_no_deficiency,no_anemia_no_deficiency,F,59,0.7662473924274221,0.061995993674222455,0.003093182863033229,0.0005744125326370757,0.0177971398743491,0.0,0.05723311833129434,0.045630785612864405,0.029972150751783732,0.006220614943528652,0.0006470588235294119,0.010588150165335469
284,1,284,folate_deficiency_anemia,folate_deficiency_anemia,F,61,0.004946703296703296,0.0,0.02815033596558543,0.08624411450727688,0.004633344144075395,0.6181914254212896,0.04936668713634794,0.004899531396438613,0.02096015464046638,0.0019504132231404961,0.14132159102054967,0.03933569924812646
285,4,285,no_anemia_no_deficiency,no_anemia_no_deficiency,F,50,0.38618768510790374,0.1280357475292541,0.05927047221374235,0.01328527478543342,0.05534804425663999,0.027993322130329765,0.1641537971175305,0.03612907329866169,0.04256150759171049,0.007794637312536145,0.018319684322299117,0.06092075433395889
286,2,286,mixed_deficiency,mixed_deficiency,M,56,0.0010222222222222223,0.0006216216216216216,0.1788617117117117,0.016479929688382952,0.005918313570487483,0.0,0.0,0.0,0.0,0.0,0.7970962011855738,0.0
287,2,287,anemia_other,anemia_other,M,72,0.008971978136175096,0.026856765409889835,0.18526320679945657,0.019907207184511784,0.009718405273854461,0.010537868480725625,0.005114303194696249,0.06722505820968398,0.008088354812492742,0.007660017557922057,0.0572558802119209,0.5934009547286704
288,5,288,inflammation_anemia,inflammation_anemia,M,52,0.054229499930836964,0.005682040687912825,0.028763692310840857,0.0057939489209098876,0.019493708797889465,0.004540309912904314,0.018297309710958932,0.03492632540394089,0.007286869670274974,0.8016903786831396,0.0030146176594845796,0.01628129831090695
289,5,289,inflammation_anemia,inflammation_anemia,F,70,0.016874893589059522,0.013754818966628012,0.04482751303031216,0.014589049075430105,0.004092610316212801,0.011141637345350095,0.004122326252657874,0.0537243833740019,0.011935921856676572,0.7662206059812026,0.009910821471351148,0.048805418741117136
290,1,290,anemia_other,anemia_other,F,78,0.014514543319365702,0.0012310946589106293,0.14052489541856722,0.07464804448505676,0.009675864943448692,0.08936602106385559,0.00842420694214724,0.09604008858958998,0.07794859212019631,0.02838604210071087,0.07085451999156714,0.388386086366584
291,3,291,latent_deficiency,latent_deficiency,F,20,0.017207541409054304,0.916863804076251,0.03443837421975798,0.0,0.007135678325384209,0.0,0.0,0.006,0.004867647058823529,0.000858397365532382,0.011171841127286107,0.0014567164179104476
292,5,292,B12_deficiency_anemia,B12_deficiency_anemia,M,67,0.0077529849714290545,0.00132,0.013072678568428095,0.3328608413826792,0.17967364110101877,0.19548602692776432,0.03855540104697501,0.007068260585848526,0.014817085173525606,0.005616888132072702,0.12314688453583897,0.08062930757441955
293,3,293,iron_deficiency_anemia,iron_deficiency_anemia,F,47,0.006910832078182554,0.029052713239555345,0.4824903214630528,0.004868842481307987,0.006296055796055795,0.024556380543540594,0.0,0.017026601932639086,0.012111947043879023,0.04767279464767923,0.2809690702253129,0.08804444054879446
294,4,294,B12_deficiency_anemia,B12_deficiency_anemia,F,35,0.0039172955236645235,0.0007407407407407407,0.04225590465941039,0.3491080509555972,0.009770834737669926,0.28333960654635765,0.008954218721779096,0.002796296296296296,0.013309896116775364,0.012860931842596101,0.1825522099603082,0.09039401389880447
295,4,295,B12_deficiency_anemia,B12_deficiency_anemia,F,21,0.003798033041092473,0.0034603174603174604,0.04579343823489769,0.3678472968861834,0.024124203519094188,0.21546154508489168,0.008950214348068183,0.011046617579137,0.01855625339282568,0.008456066202563384,0.2513647767454566,0.04114123750547214
296,4,296,B12_deficiency_no_anemia,B12_deficiency_no_anemia,F,69,0.1383795039695872,0.03139728408811766,0.0034511240036495107,0.014555361178419811,0.6224459271076552,0.007545751633986928,0.1082679137056807,0.012786231002192016,0.04152174929997611,0.002988850174216028,0.008059184391999962,0.008601119444519025
297,5,297,no_anemia_no_deficiency,no_anemia_no_deficiency,M,52,0.5315885845499253,0.03912659521065138,0.003530817714748605,0.008065646429746153,0.08642987423247724,0.010650209479903356,0.17902448590801667,0.015456284898888076,0.08086674554459393,0.02220813227262784,0.0011232550179593565,0.021929368740462574
298,2,298,B6_deficiency,B6_deficiency,M,48,0.01725931294224852,0.0031551115208991926,0.043880863428016365,0.034373694809840094,0.006623291275465188,0.045606230892814174,0.008867231363572701,0.5030850262647549,0.08629285185500511,0.04643052956821859,0.015643515304468315,0.1887823407746969
299,4,299,latent_deficiency,latent_deficiency,M,36,0.12307952149946247,0.7686048923992563,0.038875724096160615,0.0,0.028002951345974508,0.0021240981240981237,0.014508717290750726,0.012216027674026486,0.004267576949780144,0.0008695652173913043,0.005684126984126983,0.001766798418972332
300,2,300,B6_deficiency,B6_deficiency,M,75,0.006291593365370556,0.012386705294134619,0.03711799484813407,0.010405010618230062,0.0019333850229372618,0.03470261038978521,0.0064828845276129615,0.6796135911107035,0.0124047075806052,0.010933950011765687,0.022354431413954295,0.1653731358167667
301,1,301,latent_deficiency,latent_deficiency,M,73,0.21099212019909075,0.587365388868825,0.035998307436795995,0.0,0.030244041857487587,0.0031190993788819876,0.027369898427082876,0.07094713691067026,0.014029634706158183,0.0038471323317271463,0.012308971828833446,0.003778268054446614
302,1,302,no_anemia_no_deficiency,no_anemia_no_deficiency,F,79,0.3529900385586873,0.042374870433988646,0.010112432572370964,0.05409542120989875,0.08562321141230565,0.04805168710811037,0.253980774059948,0.01105376143541673,0.027452115058226076,0.02778959829438768,0.012122419626822385,0.07435367022983772
303,2,303,mixed_deficiency,B12_deficiency_anemia,F,61,0.003906942112663043,0.0036618239874708827,0.046473752244164286,0.5218076764718164,0.013119433403280477,0.0761848839996789,0.013341029541796862,0.0038157894736842108,0.02152095508766007,0.005626959189017318,0.24847273402095524,0.04206802046781222
304,1,304,B6_deficiency,B6_deficiency,F,76,0.00902575370291354,0.004198030985996807,0.0474710608724377,0.01692646698657511,0.0035540575916230372,0.04108103908881897,0.005666499949984995,0.7559362166863796,0.021936636096998155,0.017058619080537536,0.0189199493723404,0.05822566958539406
305,5,305,no_anemia_no_deficiency,no_anemia_no_deficiency,M,66,0.8886948389805722,0.044348744618299574,0.000977777777777778,0.0,0.01979884148724909,0.0014999999999999998,0.02772114769873586,0.012172303389825157,0.0016216216216216215,0.0,0.0,0.0031647244259184557
306,4,306,mixed_deficiency,mixed_deficiency,F,83,0.0003703703703703704,0.006032062367499261,0.12471009282835907,0.031212350449343305,0.00682962962962963,0.0016428571428571427,0.0,0.0012432432432432433,0.0018157894736842107,0.003164402247802048,0.8150965490226509,0.007882653224560549
307,3,307,anemia_other,anemia_other,M,87,0.01273197809244945,0.00036012861736334407,0.06781418309128522,0.1305633075259794,0.01943621189664972,0.22941996089923877,0.012879018593015885,0.024158346711200922,0.07357907582707866,0.047719639629722886,0.03431545077972551,0.34702269833629024
308,1,308,inflammation_anemia,inflammation_anemia,F,21,0.008604064677318024,0.0033056686463059227,0.0761788425841274,0.0756251883084538,0.0019517241379310346,0.11934229095375,0.004390913126836304,0.024445660127224524,0.0678763487502238,0.3581836225631592,0.04767933686467903,0.21241633925999082
309,2,309,iron_deficiency_anemia,iron_deficiency_anemia,F,77,0.019689594408619563,0.030670439408884947,0.6218848798702604,0.011188423404491448,0.004583128583128583,0.01769706463964531,0.0035446830150181598,0.05147754529080735,0.01667866775904565,0.06653585997113383,0.10524846784876508,0.05080124580019925
310,3,310,B12_deficiency_anemia,B12_deficiency_anemia,F,53,0.000245398773006135,0.0,0.0034376950780312123,0.7522919483824659,0.014630979044203287,0.013014561042290722,0.004298376037531577,0.0016216216216216215,0.019736267029435543,0.0,0.1807975808522392,0.009925572139175063
311,3,311,mixed_deficiency,mixed_deficiency,F,46,0.0019992421371731717,0.002999146448894074,0.2363219704372756,0.010040646804428816,0.0015274788846465345,0.02017613081476904,0.007856033840459537,0.0035516385302879843,0.00849633367915736,0.021187672708879206,0.6775974640477251,0.008246241666303541
312,4,312,no_anemia_no_deficiency,no_anemia_no_deficiency,F,52,0.7668960576561094,0.03824920229170652,0.0021786365369647776,0.0014802522402920678,0.036348679636060394,0.0017368421052631577,0.0388573517123395,0.06233653450488673,0.03376939475764307,0.0037789812355067494,0.003244994881805413,0.011123072441422455
313,3,313,B12_deficiency_no_anemia,B12_deficiency_no_anemia,F,50,0.26717596884923095,0.06643364023106409,0.0059585925014342695,0.015223424039230037,0.493918134185426,0.009623810654291411,0.09801108908123812,0.01920983903001034,0.006610793128624609,0.00030434782608695655,0.008744060899626108,0.008786299573737085
314,3,314,inflammation_anemia,inflammation_anemia,M,55,0.0022285714285714283,0.0090372181001414,0.03496557341677663,0.0016666666666666666,0.0011304347826086956,0.0002978723404255319,0.0,0.012290415947862758,0.0,0.9139302002328413,0.016074668705727567,0.00837837837837838
315,3,315,iron_deficiency_anemia,iron_deficiency_anemia,F,65,0.0,0.007957017543859649,0.853918346330541,0.0,0.0,0.0013939393939393938,0.0,0.002776576576576576,0.0010454545454545454,0.009777031137658314,0.12045516388373531,0.002676470588235294
316,4,316,anemia_other,anemia_other,M,67,0.0737145612562287,0.013501406360179801,0.08935059352734265,0.05107160025678338,0.018167003306901033,0.06883461604080907,0.025488698072636685,0.17121647260721987,0.10772488447577731,0.05464450942238811,0.03912432259778884,0.2871613320759447
317,4,317,copper_deficiency,copper_deficiency,M,56,0.18547370928934018,0.05239391396199129,0.005686334339387947,0.004361218214915964,0.021217284131747494,0.006891079640884343,0.030239785790708348,0.08089321937170553,0.5898415065976649,0.005832287557269342,0.004721046600458366,0.012448614503926182
318,5,318,no_anemia_no_deficiency,no_anemia_no_deficiency,F,90,0.35451243622943024,0.02604384548597085,0.04413997861132168,0.019422857720715437,0.13183981915102924,0.023985013926145368,0.09628536426136423,0.039365425541293846,0.04246934076774505,0.03275048978968565,0.008420366008851324,0.1807650625064475
319,2,319,anemia_other,anemia_other,F,41,0.0021740697043132235,0.0,0.011084888585173413,0.03459701849225643,0.011088078588078589,0.13880338528848224,0.0044547114480163776,0.015713711572185974,0.006962101164980017,0.00751743064827177,0.03611163901267931,0.7314929654955626
320,1,320,folate_deficiency_anemia,folate_deficiency_anemia,M,72,0.006900214727800935,0.0,0.023799381618043184,0.04916366726420718,0.008384638844967162,0.7732242285749354,0.02047507645770745,0.00631773868425875,0.016338754276495487,0.0005555555555555556,0.08001524525010068,0.01482549874592808
321,5,321,anemia_other,anemia_other,F,88,0.016698911629380107,0.0031365079365079365,0.020472954116261773,0.007770001053573691,0.005663706835799859,0.01773584669807438,0.010782027668187007,0.043570103481755586,0.06434768779565943,0.03808025958347384,0.024695544822291655,0.7470464483790347
322,3,322,iron_deficiency_anemia,iron_deficiency_anemia,F,78,0.0,0.025694380854513744,0.6523976113934546,0.0016829268292682927,0.002373015873015873,0.012596057699828599,0.0,0.0013636363636363635,0.0015757575757575758,0.020532574476903726,0.25740613115162647,0.024377907781994553
323,3,323,copper_deficiency,copper_deficiency,F,46,0.0032706059435268363,0.0,0.012022983296816465,0.01697008177008177,0.002,0.030401619699760275,0.0059412478635510945,0.008470811191741425,0.8729954996266575,0.0007000000000000001,0.005008676555401865,0.04221847405246298
324,5,324,iron_deficiency_anemia,iron_deficiency_anemia,M,67,0.008366392004171856,0.16181816538483482,0.578277925325428,0.0017575757575757575,0.0021598551627934584,0.006651093989414114,0.004331908657955794,0.002131256952169077,0.024135664063191824,0.01708624258544131,0.18502675108529143,0.008257169031732847
325,3,325,no_anemia_no_deficiency,no_anemia_no_deficiency,F,47,0.5782473282076023,0.12467587521999927,0.013248763202000817,0.007359464207290293,0.019062917010734655,0.0027167778190635614,0.049397062007417385,0.12123790591764884,0.04915213837128036,0.004040086632345853,0.008149221882392019,0.022712459522224608
326,2,326,B12_deficiency_anemia,B12_deficiency_anemia,F,34,0.0018586812458581843,0.0,0.0046275027485208,0.721796437550382,0.015264805174324258,0.033929992998111655,0.0007692307692307692,0.0,0.014038082615862193,0.006395348837209302,0.1834472904061928,0.01787262765430866
327,4,327,no_anemia_no_deficiency,no_anemia_no_deficiency,F,51,0.41527735512566166,0.05568140694944029,0.009266419294990724,0.02743398978131885,0.2703943777550408,0.006722823322308479,0.05970663173494706,0.0462254547930153,0.0046710750307181045,0.0779070781117606,0.006858792870612,0.01985459523018622
328,1,328,mixed_deficiency,iron_deficiency_anemia,F,51,0.0010222222222222223,0.021573991179499128,0.4932539554358109,0.009707069494464452,0.003642857142857143,0.006721625185237045,0.0,0.0017358490566037736,0.0015333333333333332,0.007643492063492063,0.4447540178185207,0.008411587067959194
329,3,329,B12_deficiency_no_anemia,B12_deficiency_no_anemia,M,59,0.09394157315542638,0.00934468978759795,0.002751971326164875,0.02893305548486335,0.6145081375635186,0.04404471465019185,0.17920903026290735,0.0038647588765235823,0.00332855093256815,0.0016829268292682927,0.013215546995269025,0.005175044135700459
330,5,330,inflammation_anemia,inflammation_anemia,F,84,0.0,0.004286524822695035,0.024242866457851765,0.0,0.0007878787878787878,0.0009074355083459786,0.0,0.008962650602409639,0.0007647058823529411,0.9389791962360474,0.012355988424707262,0.008712753277711562
331,4,331,B6_deficiency,B6_deficiency,F,70,0.008243188302129523,0.007166666666666666,0.039568426322560385,0.01796886655412137,0.002,0.010830924118411477,0.0018467908902691512,0.7761260663993661,0.012376584903342577,0.02899018988571534,0.019505510102881995,0.07537678585453532
332,4,332,iron_deficiency_anemia,iron_deficiency_anemia,F,44,0.0014976021614319488,0.016453138747501712,0.6398011258800492,0.0,0.0,0.0,0.0014838709677419354,0.0,0.0,0.0016829268292682927,0.33165149382125314,0.007429841592753549
333,4,333,latent_deficiency,latent_deficiency,F,84,0.0026753353521117816,0.7133127883531253,0.22110484035973282,0.0,0.0006481802426343154,0.0,0.003300474165544224,0.005045454545454545,0.0,0.008297397369058625,0.0456155296123383,0.0
334,2,334,B12_deficiency_anemia,B12_deficiency_anemia,M,61,0.0,0.0,0.0028445593954068535,0.7458333813429057,0.004892657004830918,0.05135632391927479,0.0028054236512386295,0.0008524590163934428,0.0,0.0,0.1716417125283832,0.0197734831415666
335,5,335,copper_deficiency,copper_deficiency,M,85,0.008232457847033633,0.006588522588522589,0.08497276620082937,0.009500042033675073,0.0028618636617917365,0.04735143824131179,0.005103626992008323,0.06018988857255894,0.49335137827704706,0.009312834921563479,0.020432771708386973,0.2521024089552712
336,4,336,folate_deficiency_no_anemia,folate_deficiency_no_anemia,F,46,0.15368966279006246,0.004216725161630823,0.0017455656192528859,0.04568515279330987,0.10432071197944391,0.2571397581952906,0.34368564344240843,0.005554305620661131,0.016400126746010334,0.010710601858726762,0.017674367965361905,0.03917737782784068
337,3,337,mixed_deficiency,mixed_deficiency,M,70,0.002926870187018702,0.009550024817827836,0.18788274852488032,0.07465204567496903,0.0050367965367965365,0.012690309223806883,0.0030194871794871794,0.0,0.0030590327169274538,0.01019566495430152,0.6743080149226792,0.01667900526130521
338,4,338,latent_deficiency,no_anemia_no_deficiency,F,21,0.34452910803053544,0.31274372010579643,0.03881615531438768,0.0,0.06090844954746157,0.00346031746031746,0.18526079303429716,0.014157559357616725,0.013941449399352514,0.0025641795400341166,0.017441481215278862,0.0061767869949223755
339,3,339,mixed_deficiency,mixed_deficiency,F,68,0.001875,0.0,0.0015843137254901963,0.296721923574375,0.003682968996739868,0.09343424160049128,0.005483870967741936,0.002741106719367589,0.0017358490566037736,0.01756750916840123,0.5721829906268793,0.002990225563909775
340,1,340,iron_deficiency_anemia,iron_deficiency_anemia,M,54,0.0005168539325842697,0.032558586151185266,0.7274940090107997,0.0016829268292682927,0.0,0.0013939393939393938,0.0014838709677419354,0.0006666666666666666,0.005845758966513684,0.009087578308159422,0.20900068632276944,0.010269123450371951
341,1,341,mixed_deficiency,B12_deficiency_anemia,F,51,0.001280804480651731,0.0,0.005187746846606945,0.7307830533260564,0.026703536055660965,0.0418820011122102,0.0034954407294832826,0.0010305498981670062,0.007734597028970894,0.0017777777777777776,0.15944666285914746,0.020677829885267812
342,4,342,mixed_deficiency,mixed_deficiency,F,42,0.002865216030173318,0.00261031746031746,0.18604570134711146,0.009467768012232118,0.0025185185185185185,0.06821733012032391,0.013320465532078437,0.0032691823899371067,0.008310817499089134,0.004,0.685474013357331,0.013900669732887663
343,2,343,no_anemia_no_deficiency,no_anemia_no_deficiency,M,73,0.8248641407654181,0.06149153768943744,0.0,0.0,0.025251977286641154,0.005827517013563524,0.044123022820582954,0.01891929188064126,0.008867836257309943,0.004428061235276672,0.0,0.006226615051128912
344,4,344,B12_deficiency_anemia,B12_deficiency_anemia,F,93,0.0017762865106691966,0.0,0.010609790512622282,0.7461192998746534,0.02265216986513287,0.03400541110327095,0.001623529411764706,0.0037532002330252084,0.007040481777317505,0.00812805048370944,0.1511818210503504,0.013109959177484622
345,4,345,folate_deficiency_no_anemia,folate_deficiency_no_anemia,M,40,0.17838471469466471,0.0217134758181241,0.0005161290322580645,0.0,0.04604882914078603,0.027920904191442764,0.6958432144745847,0.008606244619256982,0.005724574816664066,0.002469264069264069,0.005862009475779205,0.006910639667174698
346,4,346,mixed_deficiency,folate_deficiency_anemia,F,38,0.0051781167818985814,0.010058737107074257,0.07623883924142823,0.01766186747471262,0.002896012337519277,0.4018471528765353,0.03042134805788915,0.002,0.012704276790899294,0.2142362052182437,0.1927079023921137,0.03404954172168585
347,1,347,no_anemia_no_deficiency,no_anemia_no_deficiency,F,32,0.6164618993163921,0.07440576512638054,0.00833417167233661,0.003249670924937262,0.08703459483670463,0.006676587301587302,0.09373906201384907,0.029881607351761166,0.03660324290569911,0.010005597484053805,0.00046666666666666666,0.03314113439963239
348,5,348,iron_deficiency_anemia,iron_deficiency_anemia,M,79,0.0020444444444444447,0.010549686880354485,0.6704102684701302,0.0006133333333333332,0.0,0.0007301587301587301,0.0,0.004796238244514106,0.0026561043802423114,0.01207934867484268,0.20124576721404425,0.09487464962793545
349,4,349,mixed_deficiency,mixed_deficiency,F,65,0.006148318401995654,0.0,0.09489316620198368,0.27508523234164145,0.06935927541369698,0.03754045902775961,0.01100486783542811,0.025106423687970083,0.018248210186131878,0.012420624532059889,0.3742644768693911,0.07592894550194149
350,4,350,inflammation_anemia,inflammation_anemia,F,42,0.0403037396540471,0.03245125020800399,0.049766886378522654,0.009137833791789608,0.007010536330781065,0.0011304347826086956,0.015283115623702858,0.03324215246441933,0.00559028059499662,0.7633833278949266,0.022586460077808176,0.020113982198393533
351,1,351,B12_deficiency_anemia,B12_deficiency_anemia,F,41,0.001204863046809911,0.0,0.00551886735906161,0.6900074335253266,0.021922552884473635,0.014417907008835716,0.0036327485396436265,0.0,0.005617156900556227,0.002,0.24649464286952222,0.009183827865771054
352,3,352,inflammation_anemia,inflammation_anemia,F,80,0.008335679598463422,0.0015645077720207253,0.08770541300462398,0.0115162349098288,0.0038955724508050087,0.024895350836319472,0.002185176841630998,0.036065622596478955,0.018655810219209704,0.523817789463388,0.11329950279069773,0.16806333951653335
353,4,353,latent_deficiency,latent_deficiency,F,84,0.002871794871794872,0.9775099813810965,0.012527360066833752,0.0,0.0,0.0,0.0,0.0,0.0,0.0039048171686469554,0.003186046511627907,0.0
354,2,354,B12_deficiency_anemia,B12_deficiency_anemia,M,40,0.029495970050829615,0.0018019170332112626,0.013842403158377585,0.2853431100081469,0.03506131954756472,0.2827478470180659,0.08967070410143209,0.009128940749887527,0.03172139285158444,0.0014964714981874079,0.09875394063686337,0.12093598334584924
355,2,355,no_anemia_no_deficiency,no_anemia_no_deficiency,M,74,0.7205347129395624,0.05091904841882538,0.006453071951748216,0.001774293059125964,0.010557721082832277,0.006095754481009498,0.05355677312969749,0.006463126828073641,0.12211743422325348,0.0029519774011299437,0.002,0.016576086484741695
356,1,356,no_anemia_no_deficiency,no_anemia_no_deficiency,F,43,0.7612159985153548,0.06600370412963193,0.0005276430649854511,0.0010501856741150966,0.05115643196036505,0.001375,0.09111832230009485,0.0029325739320920042,0.011025622218429648,0.005647265909475747,0.0,0.007947252295455261
357,5,357,B6_deficiency,B6_deficiency,F,49,0.00992554994865955,0.0037716216216216215,0.07996545035358643,0.037572585389034886,0.005478457381478751,0.013376340201668587,0.001722297209039056,0.656463416598186,0.011195523949018635,0.04648065179304594,0.020887511106724765,0.11316059444793569
358,3,358,anemia_other,anemia_other,M,69,0.004903831126851618,0.0,0.027468106078672956,0.01686574426830673,0.0020238095238095236,0.021512878048608162,0.000896551724137931,0.009220369506114297,0.015716225624415166,0.01735015259091263,0.009613014577559037,0.8744293169306119
359,4,359,folate_deficiency_anemia,folate_deficiency_anemia,F,70,0.008754055106560178,0.0008666666666666667,0.1318715560406827,0.09082576291292582,0.005381700214228332,0.22948804584689414,0.0183371789411842,0.047554325959792476,0.04994303871874614,0.05313796070274643,0.17272076450175372,0.1911189443878192
360,5,360,folate_deficiency_no_anemia,folate_deficiency_no_anemia,F,71,0.11595692466722006,0.017237224189886935,0.0004594594594594595,0.0027565194899397917,0.07685430478932254,0.025954457839251308,0.7157977985431747,0.006747522250399423,0.02266236458302038,0.0015438596491228072,0.007412458314021847,0.006617106225180372
361,1,361,copper_deficiency,copper_deficiency,M,82,0.008115558394944615,0.0025333572710876913,0.14877178021953308,0.07731534584877148,0.006129225836005497,0.04764629600555956,0.0069606351164168,0.09392658603335464,0.2918464893929437,0.02054341507682836,0.07009308611008785,0.22611822469446685
362,2,362,inflammation_anemia,inflammation_anemia,F,46,0.017083420393403912,0.008702924961244219,0.0541357191940894,0.0043924464014263465,0.0024102740511409235,0.008795016054548986,0.0029340873178529624,0.05519750376340716,0.013623297499178639,0.754773809048248,0.011133944285418237,0.06681755703004146
363,1,363,copper_deficiency,anemia_other,F,28,0.017464240395015866,0.0036880733944954125,0.07725695974711407,0.03745315320338359,0.00557076479076479,0.03071644091738627,0.009706180594310101,0.11541805371285563,0.19192048263924447,0.07066577773519041,0.016116636858910148,0.4240232360113293
364,2,364,mixed_deficiency,mixed_deficiency,F,93,0.014581483119301278,0.00926727441701618,0.18161444328951007,0.026549781750775773,0.009404791933219352,0.1396363966522368,0.09238244805704199,0.07489500609016654,0.06072425408774544,0.050373202249842416,0.21333969345311787,0.12723122490002634
365,3,365,no_anemia_no_deficiency,no_anemia_no_deficiency,F,45,0.4724396602837725,0.21616301628451037,0.028101277242287222,0.0,0.024098382736176687,0.0007096774193548386,0.0631118769035159,0.1297294944655664,0.03310973555047141,0.0083372363418526,0.0033536246276067525,0.020846018144885573
366,2,366,B12_deficiency_anemia,B12_deficiency_anemia,M,69,0.0013505798394290811,0.0,0.015259293364437617,0.42278505511359543,0.02842134597360264,0.0608561813235789,0.009530085433846393,0.016932282670788373,0.01880376502763833,0.007512099008648634,0.179420399088392,0.23912891315604257
367,2,367,no_anemia_no_deficiency,no_anemia_no_deficiency,F,82,0.5796499938215791,0.04311451221212959,0.002309791572949468,0.0,0.15731400741689763,0.006941202607588399,0.1507415368601988,0.008140957949869819,0.03183574440976587,0.005833674863063582,0.0009094224924012158,0.01320915579355688
368,2,368,folate_deficiency_anemia,folate_deficiency_anemia,F,79,0.00497112118889947,0.008731018017174392,0.14219425851243392,0.0435340237518467,0.0023100319882838095,0.3181143053860404,0.0232587953320033,0.01992713212288621,0.027698267217907628,0.025387959878481404,0.19313962999479922,0.19073345660924343
369,4,369,iron_deficiency_anemia,iron_deficiency_anemia,F,69,0.0040060767377031355,0.0792190065617377,0.8443243174866605,0.0,0.0,0.0,0.0,0.009196092503987242,0.0,0.008005988700564971,0.051233632045229356,0.004014885964117218
370,4,370,B12_deficiency_anemia,B12_deficiency_anemia,M,48,0.0005600362559062717,0.0,0.012139414342371993,0.6477872166423582,0.05020751150839912,0.05487877876926717,0.004987659121729456,0.006398119122257052,0.00822898966195826,0.003202898550724638,0.18774151569133052,0.023867860333697796
371,1,371,B12_deficiency_anemia,B12_deficiency_anemia,F,22,0.0001917808219178082,0.0,0.027477209275350994,0.5471937837832798,0.013595318657200805,0.09186727254588746,0.010579842380270035,0.010235577411861901,0.01543281825895058,0.0016484916207334635,0.20787697365054825,0.07390093159399938
372,1,372,mixed_deficiency,mixed_deficiency,F,33,0.0011583333333333333,0.020020135761994674,0.24529219300862196,0.0030782828282828276,0.001375,0.036734743983356646,0.0046542413381123054,0.004643088875608299,0.006915274893924348,0.011306168392189701,0.6541334072363212,0.010689130348254795
373,1,373,B6_deficiency,B6_deficiency,F,75,0.021418942961457913,0.03424415767611141,0.01237303962355116,0.005623937499328019,0.009531225439816214,0.0,0.008568977726611584,0.8802468315475199,0.007427497789566756,0.006441655143515609,0.000981298351833165,0.013142436240688145
374,4,374,inflammation_anemia,inflammation_anemia,F,44,0.012468368108558878,0.014467732993526564,0.03652999736489945,0.007119070005015175,0.0009517241379310345,0.0033269226800932707,0.001907152430851712,0.006633333333333333,0.002793808734107242,0.8947051383121797,0.015533697712311646,0.0035630541871921185
375,4,375,anemia_other,anemia_other,F,47,0.0464123125559604,0.0016813966175668303,0.08461657137541444,0.05175888755224085,0.005066896661228184,0.12841375758752235,0.004318179985172364,0.04152084448254071,0.12406437452011461,0.11710577198916115,0.05466531010973006,0.3403756965633482
376,3,376,B12_deficiency_anemia,B12_deficiency_anemia,F,75,0.0,0.0,0.003957623839843984,0.7988280172303615,0.002757921419518378,0.010650078640190583,0.0,0.0,0.0016571923297946346,0.0,0.16943590681519594,0.012713259725095878
377,4,377,inflammation_anemia,inflammation_anemia,M,77,0.0012513317191283292,0.0031261904761904764,0.027531685189225063,0.0019444444444444442,0.0,0.00559180134016555,0.0,0.0,0.0,0.9427193533265386,0.01229258582949669,0.005542607674811064
378,4,378,inflammation_anemia,inflammation_anemia,M,84,0.005794077790168498,0.003790005937025249,0.008538825392676027,0.013117222002215764,0.0012000000000000001,0.026293534908217377,0.00266135881104034,0.0008955223880597015,0.009179745635697583,0.8824647859764826,0.018623980598551228,0.027440940559865578
379,2,379,B12_deficiency_no_anemia,B12_deficiency_no_anemia,F,41,0.10636249957458,0.010680368317211454,0.0059454696692623574,0.014789027139826952,0.6528452688003185,0.011083333333333334,0.09196411902196537,0.03588217722694831,0.007271945627563689,0.03230620038876155,0.019433873907046553,0.011435716993182351
380,4,380,folate_deficiency_anemia,folate_deficiency_anemia,F,55,0.01715703585421969,0.007381266133553414,0.10564339509811134,0.07255071545972186,0.01599270593174298,0.34794510057780653,0.02619465658657373,0.0069852579852579845,0.008059480691699693,0.023726776856819783,0.12405863399141051,0.24430497483308233
381,5,381,iron_deficiency_anemia,iron_deficiency_anemia,F,76,0.022444849926045275,0.24855328847099378,0.3680121970845007,0.009053136791985193,0.00888811551895664,0.00863150265016871,0.0213861596591572,0.03871329022234868,0.014787834731609915,0.060334377143773946,0.18572369620048376,0.013471551599976398
382,2,382,copper_deficiency,copper_deficiency,F,85,0.008275652429374322,0.0002413793103448276,0.04449188499339941,0.018478074239783638,0.001546666666666667,0.062301970404608845,0.002697674418604651,0.08190051998267914,0.5413504624648829,0.01442776700938015,0.040433007839683996,0.18385494024059176
383,5,383,iron_deficiency_anemia,iron_deficiency_anemia,F,54,0.009794677278440194,0.01722558238982134,0.45821721747962074,0.014236619832652866,0.004487441740805667,0.028917286725017186,0.003708365066151857,0.0567968134927778,0.04702983218473458,0.05459002290850016,0.17237600317950058,0.1326201377219769
384,2,384,iron_deficiency_anemia,inflammation_anemia,M,79,0.015096661290404519,0.030562880603896406,0.2380362381147503,0.02351642713656224,0.005024666836431543,0.006672387669801463,0.00682756071105481,0.08258815566724081,0.022163335056234863,0.39871307218122537,0.08952015901318151,0.08127845571921602
385,1,385,B12_deficiency_no_anemia,B12_deficiency_anemia,F,39,0.028902172102059746,0.0033390631648112404,0.02459217646867808,0.3408674408424417,0.25064317299563915,0.12490992243990634,0.06333945489631308,0.014882219055748293,0.037442550688126804,0.0016591292730702917,0.08408351413815897,0.025339183935046295
386,5,386,anemia_other,anemia_other,F,73,0.016264283219902923,0.0007962234461054287,0.07233259717301668,0.05642022177763753,0.006644241587062231,0.061522983212497516,0.005716800032313632,0.13067391094003644,0.11477471228045089,0.08180711198977761,0.07048573083943886,0.3825611835017603
387,2,387,anemia_other,anemia_other,F,57,0.02590954243080432,0.0014326237809452363,0.07560312257587834,0.026514003653692043,0.0,0.050731092858637104,0.007511165315894992,0.13273069751631897,0.02847494089286077,0.026113567064470156,0.02675557688447528,0.5982236670260227
388,2,388,no_anemia_no_deficiency,no_anemia_no_deficiency,M,90,0.8586872781442183,0.018771210101871726,0.0,0.0,0.0350438119656137,0.0,0.06622474606434328,0.012219738747973156,0.0024904077478255507,0.005634235799582991,0.0,0.0009285714285714286
389,1,389,no_anemia_no_deficiency,no_anemia_no_deficiency,F,79,0.6990024924929691,0.06838255290569033,0.007184301249377204,0.0027906976744186047,0.0712074463167511,0.006173444005773788,0.07146879073664453,0.029958516914194776,0.013371095684115054,0.00727212677535085,0.0015809523809523808,0.02160758286376264
390,5,390,folate_deficiency_no_anemia,folate_deficiency_no_anemia,F,54,0.2565185860463697,0.1656663908623095,0.022708432297128198,0.015437902307164967,0.16793987256763399,0.028398286907209726,0.2630049255260197,0.015067031822129272,0.03327026703497711,0.005701576525333573,0.0022428484730078026,0.02404387963071657
391,3,391,no_anemia_no_deficiency,no_anemia_no_deficiency,F,83,0.4353967893663983,0.1315138072066863,0.03470744759902999,0.000589247311827957,0.035271629530416175,0.004951089954970404,0.09453557264185783,0.12409829196389131,0.07202851773009099,0.026940590686694885,0.002954593388540454,0.037012422619595566
392,5,392,copper_deficiency,copper_deficiency,F,31,0.00314185393258427,0.00015601783060921248,0.007898807239895323,0.06270130213682458,0.016239322520069006,0.10408527871132871,0.010956456731411358,0.0013636363636363635,0.7252653123851531,0.0018034482758620691,0.028702336158219623,0.037686227714406564
393,3,393,latent_deficiency,latent_deficiency,M,65,0.09182844061529721,0.4401339352106975,0.029394614292687193,0.002695283016791985,0.008797930361310644,0.0,0.014877558686570126,0.3886554931691678,0.008119025888213874,0.0,0.010870880818398198,0.004626837940865555
394,4,394,folate_deficiency_anemia,folate_deficiency_anemia,M,55,0.010488549722059842,0.0009802913453299058,0.0051242030106869296,0.10655826154539816,0.02305262511477694,0.5381653752963999,0.07732328772286684,0.0023529411764705885,0.06867071089108544,0.0072706281939704165,0.11262368449058806,0.04738944149036718
395,2,395,inflammation_anemia,inflammation_anemia,F,54,0.0004827586206896552,0.0008666666666666667,0.006312013888888889,0.0025811051693404633,0.0,0.0006046511627906978,0.0,0.002340463458110517,0.001517241379310345,0.9693825671144272,0.007917515928479968,0.007995016611295681
396,3,396,latent_deficiency,latent_deficiency,M,73,0.42694709016555893,0.43608208800298187,0.023866009434014925,0.0,0.03647772097433677,0.002204663212435233,0.03571099356583417,0.00391601635079896,0.0008947368421052632,0.003968161357182641,0.01844283791574039,0.011489682179010923
397,1,397,copper_deficiency,copper_deficiency,M,75,0.004561389349554085,0.0,0.011620750748462813,0.009195072019669997,0.0012,0.053379878389693304,0.0036846889227310055,0.011338199161728573,0.7708671493211445,0.007697031461607569,0.011740877523944305,0.11471496310146384
398,1,398,iron_deficiency_anemia,iron_deficiency_anemia,F,30,0.0,0.00261031746031746,0.5209123332948998,0.0,0.0,0.0013939393939393938,0.0031875746714456394,0.0,0.0,0.0032400330279733548,0.46865580215142427,0.0
399,5,399,iron_deficiency_anemia,iron_deficiency_anemia,F,91,0.0010222222222222223,0.006862488695966722,0.6566262034912927,0.006837099811676083,0.0,0.0067572879308466435,0.0,0.0032691823899371067,0.0017358490566037736,0.010146509129967776,0.3031203113108582,0.003622845960628541
400,4,400,anemia_other,anemia_other,F,76,0.014729258099983867,0.0,0.025766699413474682,0.013838698835040297,0.0009517241379310345,0.02665186545637419,0.0016936005171299291,0.014136216730392595,0.033926626031633544,0.013416955221415817,0.02235419485841182,0.832534160698212
401,1,401,B6_deficiency,B6_deficiency,F,82,0.002860599946193166,0.009759071810608986,0.07979333434424742,0.08394863170991798,0.0,0.025866295734801346,0.005956953546649125,0.6044857596970897,0.012783823941785056,0.027368234387645043,0.05820788803701911,0.08896940684404327
402,4,402,inflammation_anemia,inflammation_anemia,F,52,0.004159952999174474,0.004731717720376546,0.03252401433808144,0.005846605420303169,0.0,0.012637117920080319,0.0012487903746609573,0.06379851551325641,0.018318653728308987,0.7714897339254454,0.0230649462705386,0.06217995178977387
403,4,403,B12_deficiency_anemia,B12_deficiency_anemia,M,64,0.007356513857699076,0.0,0.02196937443234735,0.5758135328516697,0.05091097047133308,0.12059241582474568,0.001980880907710176,0.007676462011080284,0.014421980659038434,0.013305649167869742,0.13310025001545603,0.05287196980105055
404,5,404,no_anemia_no_deficiency,no_anemia_no_deficiency,M,92,0.3816733620462575,0.025043377669799437,0.0108786935511289,0.021029565234436696,0.3017586658100593,0.01672799239635133,0.1030714541093495,0.010021807559485141,0.09784726972351991,0.009395644357017556,0.003956021773260852,0.01859614576933404
405,3,405,latent_deficiency,latent_deficiency,F,26,0.03752116546630593,0.9008373150396801,0.03192628818890851,0.0,0.004584942037528243,0.0,0.00946192455735181,0.003533333333333333,0.0,0.0031333333333333335,0.009001698043558508,0.0
406,1,406,anemia_other,anemia_other,F,18,0.018455614607313615,0.0014694063926940638,0.03358585337470847,0.004655963053307789,0.001,0.03844765384073822,0.007626704966186695,0.01660805711939057,0.02297910303790036,0.01386681825405581,0.015482699025706549,0.825822126327998
407,3,407,copper_deficiency,copper_deficiency,M,82,0.004015740785507175,0.0014603174603174602,0.048119363025250904,0.04797987643760912,0.0006726659167604049,0.046919862738283385,0.0017494089834515368,0.03719217151657891,0.6096413759380639,0.005405801593412344,0.0655228925656011,0.13132052303916375
408,1,408,B6_deficiency,anemia_other,M,61,0.027362255091122466,0.005694585131406644,0.06839267043545716,0.02604746410368733,0.006508714596949891,0.026659779673286026,0.01634906464733185,0.060368012024056165,0.03697465663623941,0.0860853895375097,0.025907402403444035,0.6136500057195095
409,4,409,anemia_other,anemia_other,F,73,0.04030654202326497,0.0007882519229852991,0.08326560779084669,0.06705164182748409,0.00767146034699654,0.19741931451559663,0.019583466496311853,0.06146762829193937,0.0789187602106461,0.01980376699430274,0.03713690439412481,0.38658665518550106
410,1,410,latent_deficiency,latent_deficiency,F,75,0.005628987848018525,0.7734459302866699,0.13668542574020967,0.0,0.012142013567493877,0.0,0.015362023166107968,0.0006976744186046512,0.0,0.008326292910847282,0.045685922225333526,0.0020257298367144976
411,5,411,mixed_deficiency,mixed_deficiency,M,74,0.0047429086651808,0.009843800541903355,0.12003797574093855,0.09064358700414173,0.016168649959777015,0.01903193168679791,0.0014838709677419354,0.010409183950990431,0.005352390852390852,0.014147284298468071,0.6046539728285754,0.10348444350309399
412,3,412,folate_deficiency_no_anemia,folate_deficiency_no_anemia,F,73,0.06987278672361107,0.003539646530465333,0.007684988590946364,0.018593918188648362,0.07666852122020075,0.31535883750720556,0.4419864937387932,0.0012432432432432433,0.01178249331518797,0.004463583149257186,0.015715164005647216,0.033090323786793524
413,5,413,latent_deficiency,latent_deficiency,M,80,0.013588329992617162,0.9288178364053185,0.025356102622146767,0.0,0.0022383168508822954,0.0,0.0014666666666666667,0.00223963133640553,0.0008571428571428571,0.0023345622119815665,0.020038911056838242,0.0030625
414,1,414,B12_deficiency_no_anemia,B12_deficiency_no_anemia,F,18,0.11674092449768057,0.014060699871313247,0.004316827671346091,0.020027093874884692,0.6693000187350839,0.026768304578700042,0.10330700408759035,0.0017254901960784311,0.019182478973698406,0.006130532102422291,0.006352104914149217,0.012088520497052916
415,1,415,inflammation_anemia,inflammation_anemia,F,65,0.0021078288942695724,0.00115,0.029715655480805854,0.0028695652173913043,0.0007878787878787878,0.0011304347826086956,0.0,0.0046377632534495275,0.0024760650298427216,0.935901285054569,0.015532186948853614,0.0036913365503310515
416,3,416,iron_deficiency_anemia,iron_deficiency_anemia,F,84,0.004109667621396985,0.02525253503335522,0.49409017578990194,0.004128169449598021,0.0022757380754290543,0.015904577986477698,0.00417989417989418,0.03462903621137823,0.009747952544902294,0.15090869190220946,0.21298722458046382,0.0417863366249928
417,3,417,copper_deficiency,copper_deficiency,F,38,0.003654324680251575,0.00036012861736334407,0.02230879869214146,0.03144811285755153,0.003156933156933157,0.15692536090992357,0.01201906730608503,0.03759479530552003,0.5105700283407532,0.014758077644789992,0.06070147696138104,0.14650289552730628
418,1,418,B12_deficiency_no_anemia,B12_deficiency_no_anemia,F,47,0.10220849199108688,0.22790305783812193,0.026839090149245674,0.030754445802479276,0.4790914731144477,0.0023412935323383084,0.05310728012957175,0.03124087548390823,0.007280508275796288,0.0007000000000000001,0.03534969325300302,0.0031837904300010245
419,5,419,mixed_deficiency,mixed_deficiency,F,47,0.0007058823529411765,0.0,0.010597375213696107,0.36188604317954315,0.0025185185185185185,0.06738707231513423,0.0017479541734860885,0.0,0.005977777777777777,0.0,0.5356832039084736,0.013496172560429103
420,3,420,mixed_deficiency,B12_deficiency_anemia,F,48,0.005507324176551544,0.0032272442912805225,0.14006136980828723,0.2909721788478758,0.026349731234559214,0.08773647061538475,0.009351129812276373,0.03319191235927785,0.024994129302948333,0.036184145557309796,0.22041740291191542,0.12200696108233322
421,3,421,mixed_deficiency,mixed_deficiency,F,32,0.005440270721355244,0.0020166666666666666,0.044284639481888696,0.15052795421102586,0.04693272754391246,0.1369805452821213,0.023757724262966715,0.016696231121854723,0.016520330499112695,0.013641807494576028,0.43001404131646553,0.11318706139805396
422,2,422,latent_deficiency,latent_deficiency,F,70,0.012684279476775659,0.8370854403024227,0.05792456177081371,0.0,0.04052558205786745,0.0011578947368421054,0.0027224418025036997,0.009993149425811964,0.0008627450980392156,0.004379983385704483,0.030888668665507598,0.0017752532777115615
423,5,423,iron_deficiency_anemia,mixed_deficiency,F,80,0.0041334494212177985,0.01288603912414755,0.3083073020821597,0.03196514025724483,0.006148696264975335,0.06324763061845896,0.010504843099472763,0.0,0.007854264771532667,0.009121059176358715,0.5294448194878868,0.016386755696545182
424,2,424,mixed_deficiency,mixed_deficiency,M,50,0.004823476770789044,0.004054826725861784,0.27480692458816847,0.08858027616741647,0.004308490566037736,0.046898883681581766,0.007345785255188138,0.0015333333333333332,0.0011358024691358025,0.014039638757883402,0.5295435665466736,0.022928995137930612
425,3,425,latent_deficiency,latent_deficiency,F,59,0.27610375954329347,0.6378581185628948,0.021830023658506448,0.001559322033898305,0.021000995285489106,0.00278110599078341,0.021610377604635977,0.002444444444444445,0.001517241379310345,0.004127021931844347,0.0074317405082955324,0.0017358490566037733
426,3,426,no_anemia_no_deficiency,no_anemia_no_deficiency,F,80,0.8213819922137402,0.03861722841397854,0.0016248366013071895,0.0,0.06607595516728078,0.005076058201058201,0.028669479426139993,0.021682213303967725,0.009506503874759454,0.0,0.000673076923076923,0.006692655874691189
427,5,427,B12_deficiency_no_anemia,B12_deficiency_no_anemia,M,73,0.20126270780619027,0.03795621487284521,0.010147676789981602,0.01741575627782422,0.3989300201634407,0.012674651348769661,0.25812213017008495,0.014897597390635257,0.02546798295451635,0.00509938551250494,0.002473600668337511,0.015552276044869532
428,5,428,B6_deficiency,B6_deficiency,F,31,0.06210999820622469,0.04161781869954509,0.014474499391070367,0.0027606060606060606,0.010264164987340917,0.0,0.019515541804948466,0.8384656599847466,0.004121212121212121,0.005477776372338086,0.0002641509433962264,0.0009285714285714286
429,2,429,folate_deficiency_no_anemia,folate_deficiency_no_anemia,F,73,0.06096129112718974,0.09581937065521447,0.014917939667329858,0.004490499648135116,0.0720433027538239,0.02884895414092957,0.6720826577277079,0.009836554779605017,0.01091387494959872,0.0,0.020769109065482332,0.009316445484983385
430,3,430,inflammation_anemia,inflammation_anemia,M,72,0.15249171889252616,0.09034895350896086,0.037626818480145395,0.0013953488372093023,0.01455574527021471,0.020608090953182803,0.05451215216303869,0.009973672584339014,0.010474815323412786,0.5366127744813944,0.03763864954811298,0.03376125995746272
431,5,431,mixed_deficiency,mixed_deficiency,F,42,0.0,0.00345,0.27686390833933205,0.022173877419053516,0.0006254295532646049,0.0013939393939393938,0.0,0.0021367140336212504,0.0012432432432432433,0.012630750605326875,0.6746302863901464,0.0048518510220724636
432,5,432,no_anemia_no_deficiency,no_anemia_no_deficiency,F,19,0.6723530280015894,0.04589149332113119,0.002,0.0,0.05210537260308615,0.0017871148459383751,0.16700771244355392,0.0224765687232528,0.010330748406134245,0.010770844081674523,0.0,0.015277117573639585
433,5,433,folate_deficiency_anemia,folate_deficiency_anemia,M,42,0.003977941176470588,0.0,0.009623167331062521,0.059457266757630516,0.002458049886621315,0.6619842672756774,0.05573014635995437,0.0018852459016393442,0.010920039637789593,0.008827993063693895,0.13441344851347758,0.05072243409598267
434,1,434,iron_deficiency_anemia,iron_deficiency_anemia,F,35,0.022201095701763755,0.02582379905399203,0.4862324593404742,0.030896637889200364,0.012405701220828973,0.027262623673182836,0.015711755195999606,0.06821176723643546,0.03262159050898407,0.022917687087288297,0.142493795794321,0.11322108729752922
435,2,435,no_anemia_no_deficiency,no_anemia_no_deficiency,F,21,0.8562880715213453,0.02137662087081163,0.0020106345267635593,0.0,0.03294779492500205,0.0,0.07622844660639386,0.004108786865308605,0.002162402669632926,0.0,0.0,0.004877242014742014
436,1,436,inflammation_anemia,inflammation_anemia,F,46,0.0018967032967032967,0.007012201331766549,0.052344909818717145,0.003847420232287034,0.0,0.01765410775870978,0.0007692307692307692,0.0022636871508379887,0.0009019607843137256,0.8332417355147891,0.0616731070350694,0.01839493630757522
437,5,437,copper_deficiency,copper_deficiency,F,33,0.0011022941970310392,0.0,0.004620291841161358,0.06313930445377829,0.0061074355083459795,0.16469451501787444,0.008016806722689075,0.002680628272251309,0.6872287129913202,0.0022710131937398723,0.022154409961360394,0.037984587840448635
438,5,438,B12_deficiency_no_anemia,B12_deficiency_no_anemia,F,51,0.024883166026327654,0.0033014402290870476,0.005667092413342418,0.12602016572178548,0.6059817158449359,0.04903479252106956,0.09221936961602901,0.0009798994974874373,0.021523788935350528,0.00545151475246728,0.03741145535594376,0.027525599086174513
439,5,439,latent_deficiency,latent_deficiency,M,69,0.225088608172996,0.5339153831639838,0.022824811011800353,0.006598915009041592,0.04132091428539285,0.004615780911062907,0.028447531521107332,0.0011764705882352942,0.008377191360946308,0.09720270922100371,0.026357436006692717,0.004074248747737064
440,2,440,no_anemia_no_deficiency,no_anemia_no_deficiency,M,67,0.4945076796680393,0.23550110618891143,0.019571344758596097,0.001257142857142857,0.07580714462874175,0.009683517019043335,0.09521077780171958,0.036385038188711985,0.005461339252682205,0.00951299273761654,0.0,0.017101916898795297
441,5,441,iron_deficiency_anemia,iron_deficiency_anemia,F,23,0.0006865671641791045,0.026714402556752625,0.7924617215490548,0.002,0.0,0.0008888888888888888,0.0011111111111111111,0.004901960784313725,0.0,0.0023914070891514505,0.16646781960693496,0.002376121249613362
442,4,442,no_anemia_no_deficiency,no_anemia_no_deficiency,M,87,0.8450914621535371,0.04115774540521259,0.004650703342767367,0.0,0.010736796933225505,0.00045771144278606955,0.037693630144699106,0.03952069931495572,0.011493248781725758,0.00275,0.0007243096846496279,0.005723692796441413
443,1,443,iron_deficiency_anemia,iron_deficiency_anemia,F,29,0.0005481209899175068,0.012431040887470622,0.6571384628054029,0.0036829268292682925,0.0007301587301587301,0.0008679245283018867,0.0013043478260869564,0.0015333333333333332,0.00540620801660004,0.0034256869116550907,0.30989374335538855,0.003038045786416229
444,1,444,folate_deficiency_no_anemia,folate_deficiency_no_anemia,F,42,0.21518272863328478,0.13920568132181108,0.02974466189587171,0.0028594771241830064,0.0557199931747513,0.03911351556637816,0.3282463283151453,0.06509881890167413,0.028710894447743957,0.0309091727950117,0.029793428578736673,0.03541529924540808
445,1,445,iron_deficiency_anemia,iron_deficiency_anemia,M,43,0.0,0.01276000925737768,0.8402724518780091,0.001833333333333333,0.0,0.0016428571428571427,0.0,0.007869182389937108,0.0016335419379226342,0.009671833705233505,0.1050437279979392,0.01927306235739007
446,4,446,iron_deficiency_anemia,iron_deficiency_anemia,F,85,0.04185502447760287,0.003193690964595298,0.2276424815363496,0.05414556217187568,0.007972442913204642,0.07578111916738522,0.011093576585364471,0.18734053071721726,0.03643205084222999,0.08563854821937816,0.10181186430944433,0.1670931080953525
447,1,447,no_anemia_no_deficiency,no_anemia_no_deficiency,F,75,0.38294946618109305,0.07220167008284417,0.006097642575536452,0.01010384808466561,0.204104044370278,0.014592813707917106,0.2581002617152216,0.008429139627381201,0.023813887230026053,0.005774003975455881,0.001339867679490321,0.012493354770090828
448,1,448,inflammation_anemia,inflammation_anemia,M,68,0.02619189636509725,0.0035960648534401245,0.07632548638344858,0.035268625874334596,0.005127664719600953,0.012126215021348436,0.008955639191033265,0.04403128198285489,0.01105001271506697,0.59594305406467,0.01521571785157465,0.16616834097753022
449,4,449,mixed_deficiency,iron_deficiency_anemia,M,64,0.0013409057132544957,0.03217796992481202,0.5603962455881807,0.0007419354838709677,0.0,0.008269539845843395,0.00967497105045492,0.005815789473684211,0.0011292962356792143,0.0061360060408344125,0.3584998525208999,0.015817488122485828
450,5,450,mixed_deficiency,mixed_deficiency,M,77,0.019069171941981433,0.07980570512671621,0.13270246733989174,0.038127211314976726,0.1256862653148983,0.0013712121212121212,0.011929252520293926,0.010136668057422775,0.007449710904934785,0.019250339891444427,0.5485755940266159,0.0058964014396114565
451,4,451,anemia_other,anemia_other,F,28,0.020928768026971824,0.00378294427110522,0.056643334475378414,0.05112616188805005,0.011945106180893374,0.048271140053299265,0.028647362386541038,0.1377168210231292,0.06569155715111379,0.026371098520887364,0.05173434745890696,0.4971413585637235
452,3,452,iron_deficiency_anemia,mixed_deficiency,F,84,0.0004144144144144144,0.007194683434534229,0.3358771863444021,0.027720303877092112,0.0026758893280632414,0.014417311224288814,0.006565312515031371,0.04402886307788003,0.016876892988962566,0.10559997287299129,0.3514647016409507,0.08716446828138895
453,4,453,iron_deficiency_anemia,iron_deficiency_anemia,F,43,0.001558362035973976,0.016743559204085517,0.7303964966871024,0.0012777777777777776,0.001259259259259259,0.0,0.0010631741140215715,0.007795663732970234,0.0,0.005277777777777778,0.22817390631286172,0.006454023098169605
454,2,454,mixed_deficiency,iron_deficiency_anemia,M,80,0.0041003745318352065,0.03680320052479718,0.5247296499066133,0.004402288188002474,0.0013939393939393938,0.02956446605840782,0.018234658951436722,0.003373134328358209,0.0010454545454545454,0.00976408393866021,0.34489810557015027,0.02169064406234475
455,3,455,folate_deficiency_anemia,folate_deficiency_anemia,M,57,0.006109188679932275,0.0013552382951921057,0.0600806856351387,0.15644402427371976,0.01872676108280014,0.38277913624223503,0.008664688519702377,0.02357727746700155,0.04695446442070519,0.017420460089174875,0.028090876996156797,0.24979719829824112
456,4,456,B6_deficiency,B6_deficiency,F,23,0.06138841002337982,0.026311914669312344,0.008520206512306118,0.0012283018867924528,0.016318033668822642,0.001069767441860465,0.028932743113570313,0.8359930995257853,0.003766137462923225,0.004786825630213883,0.0010907932011331445,0.010593766863900256
457,3,457,iron_deficiency_anemia,iron_deficiency_anemia,F,78,0.003861529884629911,0.010979003710827455,0.5593706109294354,0.018656574436073818,0.0021628619951917774,0.05239372618747057,0.002912442396313364,0.014609122535669488,0.017855589830796673,0.012297344786142294,0.18501758659829354,0.11988360670915559
458,2,458,folate_deficiency_anemia,folate_deficiency_anemia,F,40,0.0025922280776717464,0.0007857142857142857,0.00840570872189009,0.02582816520077581,0.0038330108950208734,0.7934060070001407,0.04965125819681753,0.002657952069716775,0.009337870264630828,0.009149340692795268,0.05844201998461096,0.03591072461021506
459,3,459,copper_deficiency,copper_deficiency,F,18,0.15576946123994886,0.03275018633727532,0.013816395733942485,0.00645676559055514,0.1071685756182415,0.019570237886985444,0.1801587391887535,0.013625670498084294,0.43962612181641153,0.0029155883309195164,0.0038884123919838203,0.024253845366898678
460,5,460,mixed_deficiency,mixed_deficiency,F,58,0.0,0.001453948113741928,0.19890596151377826,0.009215883772863984,0.0013939393939393938,0.0027878787878787875,0.0,0.0035516385302879843,0.0,0.002938775510204082,0.7773309217457265,0.0024210526315789475
461,1,461,no_anemia_no_deficiency,no_anemia_no_deficiency,F,54,0.5400034857777116,0.014614598136000885,0.012299185630388189,0.009088810824634343,0.05534772861889932,0.031006715679085625,0.1253889779831783,0.0042970138819534605,0.05409159184806826,0.021893088710741217,0.0,0.13196880290933904
462,1,462,mixed_deficiency,mixed_deficiency,M,48,0.0012439442133594322,0.0160489415669321,0.21086862721182534,0.026848771526209014,0.004,0.012172475354216273,0.005975793465274531,0.004567816091954023,0.0038784029038112524,0.011356500858056472,0.6805035487840322,0.02253517802432927
463,2,463,B6_deficiency,B6_deficiency,F,73,0.1266732872588667,0.04833775947714367,0.01013917716971141,0.0028612794612794612,0.020378457722904714,0.0005185185185185185,0.015403573030312253,0.7374938743481637,0.02065074155254801,0.005685852564002474,0.0,0.011857478896548977
464,4,464,folate_deficiency_no_anemia,folate_deficiency_no_anemia,F,48,0.07658755447319972,0.007993182793494943,0.00791162441517673,0.02071959763538501,0.2728156726543453,0.12376096881547817,0.44467937453871464,0.004599656946826759,0.01273021441297718,0.0009610001913631434,0.025331089572237484,0.0019100635508004183
465,3,465,anemia_other,anemia_other,F,53,0.017808244072132936,0.003428639165481271,0.06155527004695268,0.15029863055310738,0.0014444444444444444,0.021398996428454314,0.004650594352783831,0.09391417773029413,0.16789489234045718,0.026853627418277917,0.08147576514170124,0.3692767183059124
466,5,466,no_anemia_no_deficiency,no_anemia_no_deficiency,F,46,0.47036848429003486,0.031194221813094235,0.0,0.0010999871646771918,0.1122921738155008,0.034080026000765706,0.31818635052276745,0.0,0.0238151929206456,0.0006315789473684212,0.0011320754716981133,0.007199909053447476
467,1,467,mixed_deficiency,mixed_deficiency,F,66,0.008399026511505713,0.005160078922240311,0.2024656682837819,0.20419660607389228,0.018162381861746787,0.07353038916197958,0.014964237803393019,0.03336530430685388,0.05141038453834217,0.019221263624200735,0.2783600181867654,0.09076464072529825
468,1,468,latent_deficiency,latent_deficiency,M,46,0.014253934100600312,0.9169050780532138,0.037806357838429124,0.0,0.0,0.0,0.004750152337603724,0.005355597722960152,0.001889161554192229,0.00878006927019344,0.010259649122807019,0.0
469,1,469,folate_deficiency_anemia,folate_deficiency_anemia,M,68,0.007642102760836775,0.0,0.013059734651692466,0.05316136104704464,0.004552106948727192,0.6242598867873858,0.029886179430658424,0.006079663579663579,0.03756396776104935,0.012577253195758701,0.051820753511821686,0.15939699032536173
470,1,470,inflammation_anemia,inflammation_anemia,F,66,0.006666085461591247,0.009046913056040573,0.038838326788117945,0.009050753963906668,0.0,0.003800238538649009,0.0017037037037037038,0.0398053908593856,0.005821678321678321,0.8178255522642063,0.022231287846066317,0.04521006919665449
471,2,471,folate_deficiency_anemia,folate_deficiency_anemia,F,51,0.003400368245670516,0.0008357791754018169,0.022583855462723477,0.08215768096063608,0.003413263065436978,0.6396965557175256,0.02638255565910187,0.015207585683442625,0.03579961396084329,0.008199822813472259,0.07063144914490176,0.09169147011084361
472,1,472,mixed_deficiency,mixed_deficiency,M,64,0.0,0.0030045650914071963,0.3068904690406409,0.004555555555555556,0.0,0.017988611638729078,0.0017037037037037038,0.0,0.0012432432432432433,0.00973813057207574,0.6310806913407175,0.02379502981392695
473,4,473,copper_deficiency,copper_deficiency,M,84,0.016192161880135662,0.0025428571428571427,0.06712420248925668,0.026258328153898555,0.005841321276476623,0.038136399767600915,0.0009333333333333333,0.09635641262301071,0.580968266669312,0.02631570381255335,0.04945029217011443,0.0898807206814506
474,1,474,copper_deficiency,copper_deficiency,F,44,0.012752059549496948,0.002219518708951412,0.045754457050200044,0.014152039703238795,0.008036044657097287,0.013482033622450736,0.00463763603610538,0.01847885020580548,0.7928092898484399,0.008033449121399042,0.023355488132308446,0.056289133364506326
475,1,475,no_anemia_no_deficiency,no_anemia_no_deficiency,F,45,0.6144914483247323,0.08304557458333327,0.004645964683332654,0.010520262339282,0.08422200122311056,0.0038853446748183594,0.11137051513173767,0.03581150588368823,0.014733648130445339,0.015542383152495686,0.0026414456773590977,0.019089906195665
476,3,476,no_anemia_no_deficiency,no_anemia_no_deficiency,F,41,0.6134490426275635,0.07251433033865463,0.0072450277494829326,0.0008695652173913043,0.10310294327174296,0.010436751901180267,0.15332826850502954,0.012786641610039727,0.012577089795282045,0.002,0.0,0.011690338983633693
477,5,477,B6_deficiency,anemia_other,F,84,0.026405133226398286,0.0007422785177657605,0.08106513359521958,0.0464712591937005,0.006549482904675624,0.04878173567154,0.025182216742671355,0.08124119487990045,0.029925663972117697,0.07083469215494873,0.038110204565783276,0.5446910045752787
478,4,478,folate_deficiency_anemia,folate_deficiency_anemia,M,39,0.0065524154374746076,0.0005531914893617021,0.007444678018660145,0.02817155299471787,0.007024049581727084,0.8067907161879632,0.018440178579405588,0.007849170283737224,0.0044862745098039215,0.014902675923477176,0.03808086609036748,0.05970423090330425
479,2,479,mixed_deficiency,mixed_deficiency,F,47,0.0,0.0026216216216216216,0.12472388723689128,0.024200121595592903,0.0,0.0,0.0014838709677419354,0.0,0.0,0.002,0.8449704985781521,0.0
480,1,480,mixed_deficiency,mixed_deficiency,F,31,0.008272473154497672,0.0037258064032248627,0.1598047184748215,0.31383198655592565,0.009290435559165387,0.018120967727577954,0.0024177500935549682,0.00992576690906258,0.0196411965629584,0.005633172502323935,0.4108606772902674,0.0384750487666197
481,1,481,copper_deficiency,copper_deficiency,F,44,0.004281529365735628,0.0006027397260273972,0.011970869100749886,0.0223451393422387,0.00041176470588235285,0.08379708799813292,0.0015789473684210526,0.0010416666666666664,0.8306097793221161,0.001084890965732087,0.010707334203850697,0.03156825123444664
482,1,482,B12_deficiency_no_anemia,B12_deficiency_no_anemia,F,93,0.05214288015920049,0.005559080584156869,0.015260394578403494,0.04909878932704095,0.6600360484699032,0.017787235580680683,0.07997294924302702,0.008478907559941094,0.017146232392540164,0.005024828818318606,0.02549409843473837,0.06399855485204929
483,3,483,no_anemia_no_deficiency,no_anemia_no_deficiency,F,34,0.818655058151988,0.07038601490135288,0.00046666666666666666,0.0,0.027463637832086343,0.002,0.03395075145481113,0.030656520946514127,0.006180002840820001,0.002632248075998076,0.0022641509433962265,0.005344948186366721
484,5,484,folate_deficiency_no_anemia,folate_deficiency_no_anemia,F,73,0.2768922589283112,0.06644245193882967,0.004612855714755284,0.002175009854158455,0.042535471235553464,0.01389890402854799,0.48672757360312835,0.01065264165078708,0.01339576231213341,0.04927436557288558,0.017711947993129237,0.01568075716777991
485,1,485,latent_deficiency,latent_deficiency,F,77,0.04057261726784921,0.8648644761707855,0.037109419224050255,0.0016829268292682927,0.010503837260576946,0.0013939393939393938,0.014085858306233523,0.004222771767130345,0.005156312269670035,0.0063659576289399585,0.0126055202451925,0.0014363636363636364
486,4,486,no_anemia_no_deficiency,no_anemia_no_deficiency,F,77,0.8505707380918018,0.038647841445126334,0.003313432835820896,0.0,0.024651152430810792,0.0,0.04192614171455993,0.023644043859450032,0.008222741697460284,0.007834718735781052,0.0,0.001189189189189189
487,1,487,inflammation_anemia,inflammation_anemia,M,76,0.010172423333154995,0.004948201668377107,0.013118651274433969,0.012678819303364857,0.0007878787878787878,0.008164472254815428,0.002,0.013132945836206077,0.007255873254072851,0.8402327017148649,0.006983028008104221,0.080525004564727
488,3,488,folate_deficiency_no_anemia,no_anemia_no_deficiency,M,50,0.6049008860703194,0.031219500933568116,0.003397801632232924,0.002205882511933142,0.05162690465720377,0.02676790805473905,0.24602749626706838,0.010853604922845048,0.007183908045977011,0.001851737451737452,0.0015240613432046537,0.012440308109171653
489,3,489,iron_deficiency_anemia,iron_deficiency_anemia,F,56,0.02587125265176013,0.1220659649831108,0.35479050003299206,0.0,0.00751128611895658,0.020833329652002318,0.007411723187207058,0.10918540855863795,0.22137919054134375,0.013843969075348147,0.0677518867795569,0.04935548841908429
490,1,490,latent_deficiency,latent_deficiency,M,20,0.08494460825654701,0.7311516069433815,0.06974630832196706,0.000858397365532382,0.022320556519905606,0.0014074074074074073,0.02428360201208371,0.015928504058677465,0.010350218476413108,0.015012695221549495,0.021196095416534867,0.0028000000000000004
491,4,491,B12_deficiency_no_anemia,B12_deficiency_no_anemia,M,91,0.2969982623954194,0.01277268202686215,0.005374163463835147,0.011622116405500253,0.5232317168572225,0.004648848050547079,0.10857743238721922,0.006525907682501144,0.013251030625801088,0.005037265465736466,0.0031232076047731185,0.008837367034582638
492,5,492,iron_deficiency_anemia,mixed_deficiency,F,47,0.0,0.0073762727844123195,0.41568211123933374,0.01223485245849526,0.002,0.0013939393939393938,0.0,0.002781303602058319,0.0,0.010697488716096298,0.5379119942511903,0.00992203755447444
493,4,493,B12_deficiency_no_anemia,B12_deficiency_no_anemia,F,59,0.15409418408444372,0.01448116880816812,0.0,0.00484601876474044,0.694884390564736,0.005233442802408318,0.11602328590708809,0.0041621188148854545,0.0027076923076923077,0.0,0.0035676979458376793,0.0
494,5,494,anemia_other,anemia_other,M,79,0.03519722980529468,0.004261311679800987,0.058386973481917855,0.06848222188097301,0.04239441431694819,0.04166709991222128,0.015161903715159745,0.10018721038649946,0.045894511987119385,0.082334875358334,0.05491384817794562,0.4511183992977859
495,4,495,latent_deficiency,latent_deficiency,F,79,0.001894017094017094,0.964852627917387,0.018974074074074074,0.0,0.006937212500592782,0.0,0.004423703703703704,0.0,0.0,0.0011333333333333332,0.0017850313768918422,0.0
496,2,496,inflammation_anemia,inflammation_anemia,F,50,0.008825472117620877,0.0,0.0331793396316004,0.006048890192652807,0.002652003910068426,0.01288695070902161,0.006906810148055515,0.04041946562398634,0.021364572671707296,0.7881085425164706,0.007801806196442047,0.07180614628237413
497,3,497,no_anemia_no_deficiency,iron_deficiency_anemia,F,88,0.22570473451088793,0.0634902984481081,0.23601024394419226,0.010258381730394148,0.04598276879084722,0.018310971126510926,0.07088657915613233,0.022305713389797067,0.0389649596613849,0.04338409526989577,0.05912658344234532,0.16557467052950403
498,4,498,mixed_deficiency,mixed_deficiency,F,31,0.00035693501454898155,0.01310701754385965,0.18391515749955872,0.02952684215227322,0.003410728540258634,0.007381818181818181,0.001472356935014549,0.003045454545454545,0.003708040751031405,0.009301686568882318,0.7392908602604177,0.005483102006882058
499,5,499,mixed_deficiency,mixed_deficiency,M,37,0.000972742200328407,0.0,0.002,0.3705390501836733,0.0054444444444444445,0.06706664070402017,0.006243091220347273,0.004128888353026283,0.0026988120195667368,0.002079550485271582,0.4347924831538386,0.10403429723548305
500,2,500,anemia_other,anemia_other,F,45,0.02894851932217354,0.002581542351453856,0.06460489062331888,0.022549930724582765,0.00564654216019721,0.05068872246202626,0.013792515739023042,0.11763854706930409,0.030905731915709153,0.1376657772110223,0.013258566171391706,0.5117187142497971
501,2,501,iron_deficiency_anemia,iron_deficiency_anemia,F,86,0.0,0.009177817520822156,0.7662881777363156,0.0009387755102040817,0.0,0.0013939393939393938,0.0008737430167597765,0.0016843434343434343,0.0,0.006485355163802403,0.20284979868820946,0.010308049535603716
502,4,502,B12_deficiency_no_anemia,B12_deficiency_no_anemia,F,49,0.05037231474225623,0.00217032967032967,0.004110430086421736,0.008536252778769519,0.8747627068400563,0.0012484342379958247,0.02761475219071203,0.006887511761580218,0.004796238244514106,0.006096639854391704,0.00787289271147576,0.005531496881496881
503,4,503,no_anemia_no_deficiency,no_anemia_no_deficiency,F,79,0.8216469154839486,0.06539252153966944,0.004445591935764563,0.001257142857142857,0.030071382155883092,0.0017554817275747508,0.034132479617118426,0.03191596109875221,0.005706333107955826,0.001257142857142857,0.0,0.0024190476190476193
504,3,504,folate_deficiency_no_anemia,folate_deficiency_no_anemia,M,72,0.3199517106741766,0.036114437751945776,0.006793615459976406,0.002,0.12112284431353079,0.05016121846980567,0.4313240380553278,0.017121212233516026,0.001078590785907859,0.0022354188759278895,0.007899080694545297,0.00419783268533962
505,4,505,iron_deficiency_anemia,iron_deficiency_anemia,F,85,0.005652296407345629,0.09688942972981937,0.42889305894668456,0.0007230419567805476,0.0038583128583128587,0.0,0.0023647455157971412,0.0014716981132075473,0.0015333333333333332,0.02240700219162122,0.42542009388690044,0.010786987060197399
506,2,506,folate_deficiency_anemia,folate_deficiency_anemia,F,87,0.03253184327447867,0.005032600905836187,0.0768009020516645,0.1459409650575908,0.04875889339833515,0.2438675240607264,0.055646909764140426,0.03988335233989191,0.11696883568737239,0.02619693971510184,0.0525652275464194,0.1558060061984424
507,4,507,mixed_deficiency,mixed_deficiency,F,59,0.0005084745762711864,0.00825701754385965,0.33552347517200964,0.028639984980373068,0.0057753600366478655,0.015205129973191737,0.0007692307692307692,0.007840336318985773,0.007390704193507931,0.03133637976173667,0.5325092969922809,0.026244609681905007
508,4,508,iron_deficiency_anemia,iron_deficiency_anemia,F,83,0.008770658824787532,0.0027338457512185357,0.6057093884149461,0.04676499753710248,0.001263732062601408,0.011361561530663233,0.0017333333333333335,0.05339705146535344,0.03394943009642562,0.014149311048222474,0.13060510803837364,0.08956158189697225
509,1,509,B12_deficiency_no_anemia,B12_deficiency_no_anemia,F,69,0.1113392168447756,0.027124437329885377,0.006934391394234098,0.03295863246499585,0.4007589255240862,0.053551460460309654,0.25041745043316993,0.011165164646549673,0.06634748258220388,0.0007762208067940553,0.005270882183002961,0.03335573532999252
510,5,510,anemia_other,anemia_other,M,88,0.005406012917670887,0.00261031746031746,0.08171330452853967,0.021257700856191192,0.017977202950206442,0.010745637976030918,0.005785261392507237,0.05196972319768557,0.008821627647714603,0.01851739794214945,0.025931602685499183,0.7492642104454875
511,5,511,mixed_deficiency,mixed_deficiency,M,74,0.0015164835164835164,0.0046103174603174596,0.09442007029325691,0.015392655367231637,0.010143586532221298,0.0013939393939393938,0.0,0.001,0.001,0.0,0.8690147507152384,0.0015081967213114752
512,4,512,iron_deficiency_anemia,iron_deficiency_anemia,F,76,0.0046441743801957204,0.020664671927412264,0.6776972956539549,0.002475988700564972,0.0030960163432073545,0.0038993970714900953,0.0015789473684210526,0.004960358860525343,0.0,0.003277777777777778,0.27271840884155607,0.004986963074894613
513,3,513,latent_deficiency,latent_deficiency,M,41,0.008692486538614087,0.9305097996211258,0.02456963173898158,0.0,0.0035051592109972387,0.0,0.0180605685615718,0.001971372264287937,0.0,0.0,0.012690982064421479,0.0
514,2,514,mixed_deficiency,mixed_deficiency,F,47,0.000770949720670391,0.0,0.0006666666666666666,0.3647771432118238,0.023264654197616787,0.11198716501329131,0.01326814037128889,0.0,0.0,0.0,0.47518257553728815,0.010082705281353974
515,4,515,B12_deficiency_anemia,B12_deficiency_anemia,F,35,0.0016274509803921567,0.000563380281690141,0.013879297208984495,0.686009381448685,0.05928809511009175,0.056510725123978485,0.000775616083009079,0.0013,0.024023264294181945,0.0010714285714285715,0.1317149657315469,0.023236395166011725
516,4,516,mixed_deficiency,B12_deficiency_anemia,F,81,0.0008412162162162163,0.00045454545454545455,0.03483305688895484,0.32535850562380286,0.012162260060702097,0.27978209979289015,0.013571190261267794,0.0012432432432432433,0.015117021024305803,0.0,0.2985801535173402,0.018056707916731286
517,4,517,B6_deficiency,anemia_other,F,82,0.03998577951434714,0.014306791231218976,0.1567090813527772,0.07053255903997369,0.0334200359504698,0.03614276003298312,0.009767804445459223,0.189452995971086,0.05743036886205156,0.08372165265772931,0.066816477003834,0.2417136939380698
518,1,518,inflammation_anemia,inflammation_anemia,F,65,0.0022079052310579406,0.0,0.01593547724298254,0.023461873585793998,0.0025991828979176957,0.09994472536552801,0.005893706922698796,0.0015757575757575758,0.00664969455047696,0.7559672884112717,0.02592566189505918,0.05983872632145565
519,3,519,iron_deficiency_anemia,iron_deficiency_anemia,M,51,0.0008717948717948717,0.038211385629335466,0.7561014598572361,0.00476657256572912,0.0,0.003995955510616784,0.0,0.009266116116116116,0.0,0.06247408131123662,0.11980504822798453,0.004507585909950383
520,1,520,mixed_deficiency,mixed_deficiency,F,53,0.007057916602937182,0.014692554336947996,0.20685596258137703,0.02963334218165979,0.007388888888888888,0.07062117317610127,0.031325131574946596,0.0,0.00480251572327044,0.0067918221051861604,0.6162113511554815,0.004619341673202961
521,4,521,anemia_other,anemia_other,F,24,0.14810444422528632,0.007347863924487358,0.11117508353724548,0.019477959350990115,0.02877059384345129,0.03601205341832128,0.024311487082639395,0.16384943289509063,0.11866260523410498,0.06883508871501698,0.023995205824762004,0.24945818194860406
522,2,522,latent_deficiency,latent_deficiency,F,47,0.03351209268118051,0.9061426588045717,0.0316494926548177,0.0007419354838709677,0.007177601338998452,0.0,0.006795226279097246,0.0014166666666666668,0.0,0.0020721088435374153,0.010492217247259265,0.0
523,1,523,inflammation_anemia,inflammation_anemia,M,82,0.003147363465160075,0.01603121234826321,0.09686676635776907,0.0,0.0007878787878787878,0.0024992722430398563,0.002996078431372549,0.01616135770234987,0.0013,0.8243099481834294,0.02531697361486977,0.01058314886586773
524,4,524,latent_deficiency,latent_deficiency,M,83,0.2366971355291145,0.46234332826963964,0.095901111465462,0.00464165192009269,0.04859782211857272,0.0032914515452586515,0.09950411067877254,0.0016793893129770992,0.005308286155429748,0.0,0.027781197361116162,0.014254515643564102
525,1,525,iron_deficiency_anemia,iron_deficiency_anemia,F,57,0.001890515457085177,0.003042674253200569,0.516886419752521,0.023829670994700163,0.0006046511627906978,0.007523323380847085,0.002,0.0072881592696474725,0.009450060132883817,0.018652382394965444,0.3855907212074352,0.023241421993923043
526,2,526,inflammation_anemia,inflammation_anemia,F,50,0.0027445866308064594,0.0028666666666666667,0.005317213648976167,0.004462301587301587,0.0027866733871868402,0.008655672268907564,0.009467333492101293,0.005147677190191107,0.0011764705882352942,0.9190681059238476,0.024430420578519053,0.013876878037260391
527,4,527,iron_deficiency_anemia,iron_deficiency_anemia,M,48,0.11382320381891987,0.1649675908801304,0.25536415027292353,0.018207572276977464,0.026728508163582552,0.0077517492989191104,0.050667698719590266,0.10546208734837566,0.03161947496309492,0.05089474077321316,0.08034540428231618,0.09416781920195678
528,3,528,mixed_deficiency,mixed_deficiency,F,44,0.006051053235641912,0.012245807277612887,0.14454542353794422,0.1097317560398424,0.009291975117914015,0.14969111295980816,0.01164037162250829,0.011823391144145861,0.015957218125640184,0.20274512186967455,0.26916784560098295,0.05710892346828466
529,2,529,B6_deficiency,B6_deficiency,F,66,0.10443754823030793,0.09878364950978831,0.016328152238095986,0.0056534682755892424,0.023951892491690004,0.0010067340067340066,0.05723200766617791,0.6555589226098951,0.021327657277566806,0.0027656133874477884,0.0,0.012954354306706864
530,2,530,no_anemia_no_deficiency,no_anemia_no_deficiency,F,25,0.5966896762006515,0.10681875524783524,0.006756606573987236,0.004573212180347197,0.053128674950912884,0.00839959114959115,0.07444733385005671,0.13152167242959534,0.008409147544606132,0.0027744107744107744,0.0015645461990138171,0.004916372898992238
531,3,531,latent_deficiency,no_anemia_no_deficiency,M,70,0.45427312119017477,0.4166289696596711,0.016331241861838392,0.0,0.043727954053897115,0.004084677419354838,0.04891159144293344,0.006464953797610999,0.0034947368421052627,0.0022945113788487284,0.0008500000000000001,0.0029382423535654566
532,2,532,folate_deficiency_anemia,copper_deficiency,M,68,0.045754892971437325,0.007997311615563177,0.06901041724442102,0.01196679774532376,0.01964583546911177,0.06575148806913753,0.053995142075081784,0.07379902676697639,0.3917358838274736,0.04998454437310532,0.03838906402304489,0.17196959581932353
533,5,533,inflammation_anemia,inflammation_anemia,F,71,0.0,0.0005531914893617021,0.0037637334503693954,0.0006666666666666666,0.0,0.0004905660377358491,0.0012380952380952382,0.0015757575757575758,0.0026,0.9837824226870231,0.0026745960947566656,0.002654970760233918
534,5,534,iron_deficiency_anemia,folate_deficiency_anemia,F,77,0.012924165103472664,0.006638676017789942,0.14153248011197733,0.11738005011109574,0.02417559018025753,0.45226506235811326,0.016165467770358006,0.02050500780359069,0.013991719955659884,0.025510677405224565,0.07459783590332796,0.09431326727913217
535,3,535,B6_deficiency,B6_deficiency,M,40,0.3568244386439891,0.03578980044561256,0.006746071248131601,0.0011242424242424243,0.024347608174799504,0.003988042762324568,0.053888394003384875,0.48241813663913663,0.01841035614749616,0.005143230916545481,0.0005473684210526316,0.0107723101732846
536,5,536,no_anemia_no_deficiency,no_anemia_no_deficiency,M,63,0.7805847415295286,0.03992903200322758,0.004701264986603794,0.0003664921465968586,0.0634958356629398,0.0009886219974715549,0.06255408279793696,0.02667716394355306,0.007969433543906845,0.0044461716997861575,0.0003571428571428572,0.007930016831306104
537,1,537,folate_deficiency_no_anemia,folate_deficiency_no_anemia,F,82,0.0868485357795703,0.007755429622598147,0.0006268656716417911,0.0070130126382734245,0.0814967332917404,0.08645311684982226,0.6640957050098912,0.007031362142413741,0.03310731994589194,0.0016918238993710692,0.009298310365258316,0.01458178478352668
538,2,538,anemia_other,anemia_other,F,30,0.02932032226762841,0.0009484536082474226,0.07615398063480355,0.03990922354770314,0.004743515603892962,0.05992733512614729,0.005572654660861357,0.03677681098547545,0.03691922022981234,0.09095120722716894,0.06967873842670055,0.5490985376815587
539,2,539,mixed_deficiency,iron_deficiency_anemia,M,71,0.014808929511241763,0.04545693684931863,0.36618481038545186,0.015095810319918263,0.005244141404368483,0.035338545139760355,0.014864562491839966,0.034531238934859855,0.014781410324438676,0.050811127024880304,0.3146971022429508,0.08818538537097094
540,5,540,mixed_deficiency,B12_deficiency_anemia,M,63,0.0,0.0008666666666666667,0.0018888888888888887,0.36607367769240634,0.01190205040457653,0.2298330198546975,0.011790309356035616,0.0,0.0031372643538012945,0.008669565217391305,0.3387422704742873,0.027096287091248603
541,3,541,iron_deficiency_anemia,iron_deficiency_anemia,F,24,0.006422326938338238,0.07414351164545151,0.5667828980504164,0.009092460998600253,0.0074376561940179275,0.00837055486088957,0.008441959548626353,0.05381297653089385,0.0465533076375665,0.0366042694998328,0.09549944941410117,0.08683862868126527
542,2,542,latent_deficiency,latent_deficiency,F,86,0.002300966792770071,0.9318312473891182,0.042459558129407014,0.0,0.005057691174590154,0.0,0.00672935064935065,0.0034814814814814812,0.0,0.0012777777777777776,0.006861926605504587,0.0
543,5,543,latent_deficiency,latent_deficiency,F,22,0.015697229420677986,0.6839819218854405,0.17678607128547846,0.0010823529411764705,0.007772793651876162,0.0,0.013288020655120423,0.010768684787230563,0.003533333333333333,0.024382209714721322,0.0590920264217236,0.003615355903220867
544,2,544,copper_deficiency,anemia_other,F,49,0.0947114662533597,0.0029572031252897506,0.0780213941213401,0.02755437616464361,0.009847984173865645,0.05223261948916918,0.019251350612921443,0.07620370931615335,0.0787301029830298,0.06213217077973931,0.037290915215874666,0.46106670776461345
545,4,545,latent_deficiency,latent_deficiency,M,78,0.00613295366348923,0.9366382172053362,0.03732373725678121,0.0,0.0015454545454545456,0.0,0.003801623785020011,0.0008947368421052632,0.0,0.0026466702516813054,0.011016606450131894,0.0
546,4,546,no_anemia_no_deficiency,no_anemia_no_deficiency,F,60,0.7640427824051985,0.03387067140751615,0.0026663387440564023,0.0014527174827528185,0.07356138619761479,0.003718518518518518,0.08012645068073648,0.011070199726269637,0.006815233785822021,0.005954466023254078,0.0007809187279151945,0.015940316300345408
547,2,547,no_anemia_no_deficiency,no_anemia_no_deficiency,F,58,0.7251373287461624,0.046950245001515435,0.000977777777777778,0.0,0.032317993901456024,0.00362962962962963,0.15752469894195575,0.017861565213673603,0.009316938142813232,0.0047809523809523805,0.0,0.0015028702640642938
548,1,548,folate_deficiency_no_anemia,folate_deficiency_no_anemia,F,34,0.2559213611801319,0.031465247606436104,0.009430782042502323,0.022261484844735117,0.1263729866096259,0.047269684930801574,0.4063490463930885,0.0040573483311820025,0.05311415909844895,0.0050546765662369325,0.0034057643801472834,0.03529745801666303
549,3,549,folate_deficiency_no_anemia,B12_deficiency_no_anemia,F,46,0.16543982264049226,0.04831454499146062,0.010241471805611572,0.021675610752616634,0.40723909960343374,0.04261355288528583,0.22300562484013156,0.0119236131934033,0.04696863431179384,0.0023039215686274507,0.007090388232233849,0.01318371517490946
550,4,550,no_anemia_no_deficiency,no_anemia_no_deficiency,F,71,0.41672303103553693,0.3719515661594599,0.012282554314959377,0.0017278497578850937,0.05825385444904122,0.0006875,0.08559669006427346,0.03391360524145372,0.008718895377964817,0.0014235465965527314,0.006737074884071351,0.001983832118801444
551,3,551,inflammation_anemia,inflammation_anemia,F,39,0.011807105112374901,0.002,0.07963944920662261,0.05080926059509422,0.001812268355618109,0.05967857567419635,0.011701600378211819,0.01939117580773809,0.039673739882409145,0.55336437756681,0.0339627339962624,0.1361597134246621
552,1,552,iron_deficiency_anemia,iron_deficiency_anemia,F,61,0.0,0.014849813636655742,0.787163588614112,0.0015643431119996922,0.0,0.0008679245283018867,0.0,0.0030666666666666663,0.0015333333333333332,0.012346081709519965,0.17428868641638057,0.004319561983030097
553,3,553,B12_deficiency_no_anemia,B12_deficiency_no_anemia,F,72,0.18822337199938632,0.0632586301222845,0.005510368510071432,0.014218303028024466,0.5259643420551326,0.0008888888888888888,0.15455563084727625,0.013572963727705866,0.016534918577159798,0.003243313507415053,0.005202807668315014,0.008826461068339854
554,1,554,no_anemia_no_deficiency,no_anemia_no_deficiency,M,49,0.7841425017906465,0.04257430998684477,0.00540596471195933,0.001803355902266706,0.017044008056119234,0.005251230661040788,0.058590294855393285,0.041602321339271775,0.0044444444444444444,0.01760283849997512,0.0029365238559797228,0.018602205896058446
555,2,555,copper_deficiency,copper_deficiency,F,66,0.07623818930010401,0.03948445267322412,0.030466253312402373,0.0018642857142857144,0.027842899478189978,0.006468118865498821,0.10481201529302059,0.003756913756236636,0.6759301754062487,0.004377902835294313,0.012644461420932007,0.01611433194456302
556,1,556,iron_deficiency_anemia,iron_deficiency_anemia,F,27,0.0,0.06473695787741929,0.7668689422202215,0.0012777777777777776,0.0,0.0013939393939393938,0.0,0.0015333333333333332,0.0,0.0022165532879818593,0.1580881781384018,0.003884317970924837
557,1,557,folate_deficiency_no_anemia,folate_deficiency_no_anemia,F,79,0.16457466335102588,0.00930630760717191,0.003365824171174144,0.0035051520858353853,0.04337265051424558,0.04913644988653336,0.6689854737680712,0.0013636363636363635,0.027997366611516767,0.0025263482816486353,0.005959980547713007,0.01990614681142745
558,2,558,folate_deficiency_no_anemia,folate_deficiency_no_anemia,F,64,0.03516673492319973,0.004886232798461995,0.005878766010755609,0.01794373075508337,0.04678756613404099,0.24192867025116233,0.5655339412449905,0.012313282048870531,0.0102647984883279,0.004640993788819876,0.02464670855976623,0.03000857499652045
559,4,559,mixed_deficiency,mixed_deficiency,F,40,0.0008515419184875252,0.0008070175438596492,0.09442390445285799,0.28082594524942883,0.007056916276289635,0.018118641299846333,0.0,0.006535226141752399,0.007643591235214272,0.0008664921465968587,0.5545424431567314,0.02832828057893489
560,2,560,folate_deficiency_no_anemia,folate_deficiency_no_anemia,M,81,0.3620104879585147,0.04123096472764379,0.003798669328627172,0.0023825700131432617,0.16593986082686205,0.02120810150798163,0.3795573982532256,0.010613141646643131,0.009833628347579247,0.0,0.00023598820058997051,0.003189189189189189
561,5,561,latent_deficiency,latent_deficiency,F,81,0.00887814236199066,0.9342594068152233,0.036052903645230366,0.0,0.001259259259259259,0.0,0.004887787918296393,0.002,0.0,0.0022666666666666664,0.009333333333333334,0.0010625
562,2,562,no_anemia_no_deficiency,no_anemia_no_deficiency,F,49,0.749321241034675,0.054022675325496386,0.0008500000000000001,0.0,0.1075246685923222,0.0008235294117647058,0.04653295968988509,0.011751308640522123,0.022442727352397083,0.002761904761904762,0.0,0.003968985191033135
563,4,563,no_anemia_no_deficiency,no_anemia_no_deficiency,F,65,0.5805635961625765,0.046331201838406534,0.00819011684619541,0.005471898102075809,0.08182722701135263,0.016243207857249087,0.15398055568311123,0.029432777476298026,0.047160865965493924,0.017056040723452185,0.0028783702952565604,0.010864142038532547
564,1,564,latent_deficiency,latent_deficiency,M,53,0.21422705651155172,0.6986445789131641,0.011414561177019895,0.001510988536357718,0.019641405106022043,0.003098114680946006,0.02538505668202264,0.010253107739820381,0.006684991844535538,0.0023904761904761903,0.004692982456140351,0.00205668016194332
565,5,565,mixed_deficiency,mixed_deficiency,F,70,0.0012034210967633743,0.006627868852459017,0.22411793356093623,0.0023817296620270295,0.0,0.03191937328341788,0.0028030165912518853,0.0,0.0034814814814814812,0.004114877589453861,0.7095100142401253,0.013840283642084034
566,5,566,B12_deficiency_anemia,B12_deficiency_anemia,F,31,0.0,0.0,0.007546142179934121,0.7315772589973463,0.05036740104688311,0.04453466244639315,0.0012380952380952382,0.0,0.005644446254838277,0.006317450084378077,0.13367367830162927,0.019100865450502963
567,4,567,iron_deficiency_anemia,iron_deficiency_anemia,M,75,0.0034402683478823148,0.01856832488197237,0.6630118814402779,0.010692541988546831,0.0,0.001987878787878788,0.002535531049036121,0.0007867730900798175,0.0,0.00491476130303825,0.2739485538466046,0.02011348526468302
568,1,568,anemia_other,anemia_other,F,71,0.008987567237705855,0.0008666666666666667,0.018076309748870627,0.15091803513814186,0.0016296296296296297,0.11412094399434553,0.002950537634408602,0.013174528162561896,0.046083849304418424,0.004789532539764283,0.03921415440292662,0.5991882455405602
569,3,569,mixed_deficiency,mixed_deficiency,F,29,0.0007777777777777778,0.00115,0.2487350768364399,0.0040148353414884335,0.001069767441860465,0.050710146201022814,0.013860643824514794,0.010211264993265636,0.004873400673400672,0.0042535768814482835,0.6389009967715832,0.02144251325719812
570,4,570,B12_deficiency_anemia,B12_deficiency_anemia,F,29,0.0013167293233082706,0.0009375,0.013169815033576622,0.7019762258578237,0.04576373038434369,0.08771825285231492,0.0008013937282229965,0.002549604916593503,0.007188927841963701,0.0030555555555555553,0.1027032162999918,0.03281904820630526
571,3,571,no_anemia_no_deficiency,no_anemia_no_deficiency,F,32,0.7680223290546081,0.06609883972196456,0.002166450469493939,0.0022464788732394366,0.029160154974647093,0.0035508969842027015,0.060758911114370484,0.022475225405844075,0.01990385793301399,0.013318430068069202,0.0012433933384252513,0.011055032062121214
572,5,572,mixed_deficiency,mixed_deficiency,F,81,0.0,0.002589706929963972,0.011725785322248605,0.3484505077841431,0.009750360750360749,0.07100234801004146,0.00317948717948718,0.002030755831360061,0.007745752757691072,0.04191694282200521,0.49094542010706,0.010662932505638463
573,1,573,folate_deficiency_anemia,folate_deficiency_anemia,M,64,0.05546154498745697,0.0070958741101481235,0.03583467903556064,0.12637788212133427,0.03874315228586048,0.22437129578220882,0.18375568195232758,0.04045562153900693,0.03313109232315597,0.022820821465661664,0.057300416434552616,0.1746519379627259
574,1,574,inflammation_anemia,inflammation_anemia,F,33,0.0036099865047233472,0.006737717881263366,0.030641535670817264,0.011688323458471959,0.005629593802597296,0.009952511540746835,0.004839127129799581,0.009088077220596645,0.0030852994555353903,0.8863236226971734,0.01881825090387126,0.00958595373440382
575,4,575,copper_deficiency,folate_deficiency_no_anemia,F,68,0.28059493121602547,0.027366391141612476,0.013666023501890551,0.007931551613004333,0.10242493946239169,0.009478920380733568,0.28372575273011197,0.030332114100815908,0.22600037641514717,0.0038766831309871284,0.0014846597715450177,0.013117656535734795
576,2,576,latent_deficiency,latent_deficiency,F,49,0.12985570404591812,0.765206156831409,0.0076083007690368855,0.0015479674796747965,0.01880867346868497,0.0006629526462395543,0.026693213376198226,0.026766421773212243,0.0061251304120812965,0.0,0.004399331662489557,0.012326147535055138
577,2,577,anemia_other,no_anemia_no_deficiency,M,45,0.4220620706335856,0.020829550661831526,0.006268094693475529,0.0018433583959899748,0.04005478296540242,0.0061656153370439086,0.06658782505006362,0.02450055492892571,0.025762319857180763,0.01334824342458045,0.001188888888888889,0.3713886951630317
578,1,578,B12_deficiency_no_anemia,B12_deficiency_no_anemia,M,49,0.07762138890007984,0.016800647078150398,0.0006060606060606061,0.009302064889684918,0.8049581202583775,0.008333333333333333,0.05324491969836127,0.012437058606320588,0.007833386327503975,0.0006787658802177858,0.0039964993198692445,0.0041877551020408155
579,2,579,folate_deficiency_anemia,folate_deficiency_anemia,F,42,0.007582944315296131,0.003985779175401816,0.13164012689763777,0.10809980560308233,0.0067376325017291586,0.3594936654768742,0.018915575190778768,0.014606057191120183,0.031116324808142228,0.021493344832816813,0.13855392555717921,0.15777481844994154
580,4,580,iron_deficiency_anemia,iron_deficiency_anemia,F,85,0.008178480390276778,0.023025360097670398,0.6372749072821978,0.009692755032322052,0.002,0.005659293355495887,0.0009333333333333333,0.027529700201397576,0.0027247247247247247,0.02005708280962998,0.2320507604890785,0.03087360228387272
581,1,581,latent_deficiency,latent_deficiency,F,18,0.02962834283448147,0.9153559073892076,0.03086587697817581,0.0,0.006824908925318761,0.0,0.004649127645706837,0.002881896833170095,0.0014166666666666668,0.0011333333333333332,0.005849999999999999,0.0013939393939393938
582,2,582,anemia_other,anemia_other,F,86,0.02439077175306644,0.002,0.04042429164025059,0.12720272595080692,0.009160079051383399,0.13353584836904223,0.00384853961406168,0.07199096758749768,0.05957314048883351,0.1322745428918667,0.06732045941844003,0.32827863323475076
583,1,583,no_anemia_no_deficiency,no_anemia_no_deficiency,F,22,0.5797355781669655,0.07576714255189464,0.02672165755431177,0.00739373109955802,0.05249152344287901,0.007498989720952338,0.039531660407048544,0.07645482255548469,0.05354927798230759,0.030590400451801496,0.002466666666666667,0.04779854940012978
584,1,584,folate_deficiency_no_anemia,folate_deficiency_no_anemia,F,30,0.04403090774399869,0.006052729635955443,0.00880100093397954,0.018935819797413732,0.05122334252944664,0.2728726582452748,0.5056734521645018,0.007955338445695528,0.013766890405306398,0.0038493631971892837,0.02854064025697351,0.03829785664426436
585,3,585,no_anemia_no_deficiency,no_anemia_no_deficiency,F,39,0.6698546217270774,0.03799842464684739,0.001596703850759438,0.0008695652173913043,0.0637083571592239,0.0023393070489844685,0.17867458319966903,0.008690339251005678,0.01108518534850222,0.00871904761904762,0.0,0.016463864931491743
586,5,586,latent_deficiency,no_anemia_no_deficiency,F,30,0.5168712339049346,0.11906870519570877,0.013290297262113372,0.005456296296296297,0.07721171264192743,0.005594764933000227,0.12650166939025173,0.0737325397025266,0.04892228229395195,0.003747200689061154,0.0036699351902472303,0.005933362499980839
587,5,587,no_anemia_no_deficiency,no_anemia_no_deficiency,M,73,0.725254631920764,0.04039162801513059,0.006935895328134967,0.0037382425135002455,0.02525175107973576,0.007699842100664399,0.09478912964574372,0.026228647254955943,0.05523028199396115,0.003786869399876631,0.0029804213766504756,0.007712659370882229
588,3,588,mixed_deficiency,mixed_deficiency,F,69,0.0,0.0017767145135566189,0.3345800585769113,0.010689952555437353,0.0,0.00613953488372093,0.0030303030303030303,0.0,0.0018157894736842107,0.010576684006936109,0.630180436643661,0.0012105263157894737
589,2,589,iron_deficiency_anemia,iron_deficiency_anemia,F,81,0.0006865671641791045,0.0034173350041771093,0.5947098027626396,0.01656057120986652,0.0,0.006367980212985171,0.0,0.003950495521250238,0.00637461579226285,0.1179671185526471,0.24174796519153985,0.008217548588452262
590,2,590,mixed_deficiency,folate_deficiency_anemia,F,69,0.0024194179141547563,0.0016046511627906977,0.009630866759183211,0.20718422984791718,0.0036419292121426363,0.4620529012773837,0.021618936950713843,0.0,0.008441086736271402,0.0,0.27346369895906564,0.009942281180376907
591,4,591,B12_deficiency_anemia,B12_deficiency_anemia,F,46,0.0013678571428571429,0.00038917089678511003,0.012695071615264286,0.6201756196324222,0.0274785430834263,0.07212623044089488,0.0,0.0013,0.01047030303030303,0.0032571428571428573,0.22344649993144244,0.027293561369462278
592,2,592,folate_deficiency_no_anemia,folate_deficiency_no_anemia,F,28,0.1577314353461928,0.017736384715666725,0.0008534784298484259,0.005446253827158997,0.06632662073908101,0.06982117450293751,0.6542013898377086,0.004476266779113079,0.01123552184667389,0.0018968090420881727,0.006912364614041124,0.0033623003194888186
593,5,593,no_anemia_no_deficiency,no_anemia_no_deficiency,F,78,0.6876653917217932,0.029633869735110768,0.003498849283118946,0.0044864576388847915,0.11236693185370741,0.0017468354430379748,0.050120006372593125,0.05858289876101897,0.0351590581374998,0.007003400690058372,0.0011720834758809444,0.00856421688729574
594,1,594,no_anemia_no_deficiency,no_anemia_no_deficiency,M,74,0.6099529378877219,0.05682148162048647,0.0002104205163783691,0.004268899090542593,0.04970904635650091,0.005213206627680313,0.0616432366302843,0.007881439742537116,0.17084365514602456,0.020288219869606692,0.0010612244897959184,0.012106232022441241
595,2,595,latent_deficiency,latent_deficiency,F,48,0.005422161924782689,0.9716906627093188,0.01704674912692442,0.0,0.0,0.0,0.0,0.0017468761873744776,0.0,0.002,0.0020935500515995875,0.0
596,2,596,B12_deficiency_no_anemia,B12_deficiency_no_anemia,F,46,0.11805366457877141,0.008293471096284729,0.004944954061159927,0.04903512315428672,0.5734933403458992,0.026727362783348273,0.1383612295546058,0.0,0.03309625122450988,0.003941445541718213,0.020998571152247257,0.023054586507168864
597,2,597,folate_deficiency_no_anemia,no_anemia_no_deficiency,M,78,0.48590460705093613,0.08634338018046549,0.004543556262961673,0.0,0.05496948907521391,0.01575513935781412,0.2837194468753592,0.017851169770213622,0.027542653979691845,0.0060999999999999995,0.0005163620323656715,0.01675419541497863
598,5,598,folate_deficiency_anemia,anemia_other,F,66,0.027414875969270093,0.0,0.08792940016842618,0.13328095037497467,0.007101022902637199,0.19355420973207904,0.032449854632840155,0.02998915260096589,0.04348750339728595,0.053784184581387076,0.08806567057756186,0.302943175062572
599,4,599,iron_deficiency_anemia,iron_deficiency_anemia,F,39,0.018115703439622426,0.010890040220846813,0.36861557830907765,0.02866750995008981,0.003328678839957035,0.02163305258643691,0.007974141984537202,0.10567892212774785,0.03534867521514872,0.06226125642809369,0.12603222472645764,0.21145421617198398
600,5,600,iron_deficiency_anemia,mixed_deficiency,F,29,0.0038799216586749507,0.014048520608273047,0.30284999893286974,0.009475338395398103,0.0016450216450216448,0.007782356354544989,0.001623529411764706,0.005100116245277535,0.011910697811261143,0.0899651331802278,0.4722655065010791,0.07945385925560712
601,2,601,mixed_deficiency,latent_deficiency,M,80,0.011797053953838938,0.5465455972063968,0.2527515216781352,0.004976889444097439,0.05522290731130409,0.0,0.005817587113157778,0.01890990990990991,0.0029500000000000004,0.01237464484980984,0.08865388853334985,0.0
602,2,602,B12_deficiency_anemia,B12_deficiency_anemia,F,69,0.0015787884171255995,0.0,0.01225029086926305,0.5250446726580896,0.0532762633686919,0.09617708106231386,0.005890557429855649,0.015534015108341556,0.010887381647142555,0.0036020686450778773,0.20140012241647015,0.07435875837762794
603,2,603,no_anemia_no_deficiency,no_anemia_no_deficiency,F,51,0.6052321540994111,0.30142998263687304,0.02480254608261917,0.0016708860759493671,0.01142529249571503,0.0,0.03076549757163929,0.015048980508167468,0.0037166919684811684,0.004265171124532644,0.0,0.0016427974366118694
604,2,604,copper_deficiency,copper_deficiency,F,25,0.004907188619632991,0.0007407407407407407,0.017336182104433412,0.006959051405758058,0.0003058823529411765,0.015062824082368675,0.007303418803418804,0.005675956103093798,0.8802114060284102,0.010419259678141418,0.0069779300140008944,0.04410016006705975
605,5,605,inflammation_anemia,inflammation_anemia,F,40,0.002302582851237662,0.0,0.009509000399114068,0.004213995354239256,0.0017350859453993932,0.012540956355578968,0.0010420711974110032,0.009637755527743012,0.007289804767646001,0.9109063007151046,0.009879152615195078,0.030943294271331107
606,5,606,B12_deficiency_no_anemia,B12_deficiency_no_anemia,M,74,0.07442041169781105,0.0025950012963731994,0.0036524547803617573,0.13633300721643996,0.6898310283059452,0.017820207152628494,0.03807954176884145,0.00412587636073105,0.0016072727272727274,0.0,0.030351160344175048,0.0011840383494202242
607,2,607,mixed_deficiency,mixed_deficiency,M,77,0.0022434611602753195,0.010759044426727154,0.23320897681700212,0.06692703058400973,0.008305916305916306,0.0038576462297392525,0.0031875746714456394,0.007963630713318702,0.011793939393939393,0.04978935173190589,0.5823567698318078,0.019606658133912682
608,2,608,no_anemia_no_deficiency,no_anemia_no_deficiency,F,43,0.5886605551667888,0.08048134504043047,0.005937473379333844,0.0,0.05013591608497153,0.006678200178200178,0.22311580728343633,0.007944584975033617,0.02475951992583995,0.002,0.0006666666666666666,0.009619931299298952
609,2,609,latent_deficiency,latent_deficiency,F,75,0.0013886488043791413,0.7833768722616178,0.07752146873580357,0.0020837789661319077,0.003911408953154615,0.0,0.0008292682926829268,0.1200443195953855,0.0,0.0,0.010369658119658119,0.00047457627118644064
610,1,610,B12_deficiency_anemia,B12_deficiency_anemia,F,48,0.010009854477046415,0.0,0.049348304139683774,0.4001521090453701,0.030973827417010876,0.18146149439678347,0.028753891985114848,0.033647439775049054,0.022078512070151764,0.014980041180755821,0.107283011658121,0.12131151385491316
611,5,611,B12_deficiency_anemia,B12_deficiency_anemia,M,77,0.0027993234452250845,0.0,0.017352346299580754,0.6323689503880917,0.038763271858607305,0.13425680170833854,0.003254880556010407,0.004793088113842831,0.006490216631726066,0.0036703310832529733,0.11091605192939534,0.04533473798592926
612,3,612,B12_deficiency_no_anemia,B12_deficiency_no_anemia,F,76,0.3622377478423204,0.09908332006788018,0.0195447427590373,0.006251369082919092,0.4006232188280179,0.002875,0.03136529409965219,0.01838331683616094,0.008774554651513144,0.0037953737417005784,0.015777900497688416,0.03128816159311
613,1,613,anemia_other,anemia_other,M,61,0.02168155380838854,0.003093017765482434,0.029046956515471612,0.011883838343583775,0.01164262810007827,0.05772000348486068,0.018191348184083522,0.010524767008144859,0.05714622410405037,0.012026427155699758,0.01291053943174119,0.754132696098415
614,3,614,no_anemia_no_deficiency,no_anemia_no_deficiency,M,55,0.6703700136771837,0.09286205067067119,0.007186548384114322,0.0,0.0766142529885883,0.01083981328419839,0.09275843047139687,0.010129342554753748,0.028574813260157327,0.0002945113788487282,0.0005161290322580645,0.009854094297829864
615,5,615,B12_deficiency_anemia,B12_deficiency_anemia,F,69,0.014342918566456798,0.0,0.043091538595360246,0.2920123479536567,0.05578132536365156,0.05289426128100318,0.029665021429278543,0.038103692299542004,0.047004536439861765,0.019866999238281925,0.23230720385828607,0.17493015497462128
616,4,616,mixed_deficiency,iron_deficiency_anemia,F,81,0.03146487779999449,0.028792950306838126,0.4172221810238791,0.0067304093567251465,0.006289698348090766,0.06794210988272929,0.062447969023672466,0.027111560139551124,0.004533830978876554,0.030740746385024893,0.28190620963892077,0.03481745711569721
617,3,617,anemia_other,anemia_other,F,55,0.0021272660005690874,0.002,0.02183985720158436,0.09783820494619645,0.009227272727272726,0.02876757338405869,0.0,0.06126971725024161,0.01239065411073452,0.014615663522541225,0.06668642764554865,0.6832373632112524
618,3,618,mixed_deficiency,mixed_deficiency,F,38,0.0026554054054054054,0.0,0.004016339869281045,0.3884569324783135,0.003960773993379226,0.07041124475260604,0.004591271347248577,0.004238895417156286,0.0038313725490196075,0.011811147882576452,0.5005615356963904,0.005465080608623424
619,3,619,iron_deficiency_anemia,iron_deficiency_anemia,F,44,0.0,0.026998264245994257,0.7249528827872299,0.0031226464779460176,0.005389692585895118,0.0,0.0,0.0054081081081081075,0.0,0.002837099811676083,0.22782348774969172,0.0034678182334587494
620,2,620,anemia_other,anemia_other,F,35,0.009589815059642735,0.019149999999999997,0.1646198566978879,0.006972186714939511,0.003803030303030303,0.001926910299003322,0.005487155775506027,0.041358633623722225,0.015654993339057927,0.006445185928856866,0.04595671043337606,0.679035521824977
621,5,621,B12_deficiency_no_anemia,B12_deficiency_no_anemia,F,52,0.05214742435791997,0.004898114589835907,0.019138562646308095,0.0778363946491094,0.6270350357023555,0.04572481164561167,0.09057183588923062,0.0075283407994908335,0.021128828619052936,0.010009193188566292,0.015199356160238039,0.028782101752280638
622,5,622,no_anemia_no_deficiency,no_anemia_no_deficiency,F,40,0.7427567385568987,0.02944552355984116,0.0027488486069412836,0.005133699828732174,0.040684431718847676,0.004249315850226321,0.11370558040611418,0.008204980147327678,0.02092980647683415,0.008703041879213023,0.0011167593997639521,0.022321273569259743
623,3,623,B6_deficiency,latent_deficiency,F,89,0.16585425440517504,0.34980384264398484,0.04765256906131058,0.000896788990825688,0.06328223501831169,0.0015357413488254607,0.05364695202151636,0.23700729780572444,0.04058276519552101,0.014714414854051845,0.006786803742935795,0.01823633491181722
624,4,624,no_anemia_no_deficiency,no_anemia_no_deficiency,F,29,0.9356824737576969,0.02102110045393236,0.000977777777777778,0.0,0.011832973899486711,0.0,0.01760982912599165,0.0032248858447488584,0.0012222222222222224,0.0,0.0,0.008428736918143697
625,1,625,copper_deficiency,copper_deficiency,F,41,0.005153088291019325,0.0004786680541103017,0.008268655765382958,0.0044491214360140195,0.0027454545454545453,0.11736315142787819,0.01188562280711755,0.010311094378651148,0.7702452643028411,0.004135057471264368,0.011071235616030559,0.05389358590423574
626,3,626,iron_deficiency_anemia,iron_deficiency_anemia,M,79,0.0,0.0034603174603174604,0.8212813217789029,0.0,0.0,0.0008571428571428571,0.0,0.003968627450980392,0.0024185888738127545,0.0,0.16177630014927216,0.006237701429571453
627,1,627,B12_deficiency_anemia,B12_deficiency_anemia,M,81,0.004524129393185042,0.003457723301720347,0.08069146252365127,0.4522843997856075,0.003537746697520961,0.08204212666656188,0.011687191139990415,0.02335965013500579,0.015317404116999821,0.006765972419003286,0.20128677300348757,0.1150454208172661
628,2,628,no_anemia_no_deficiency,no_anemia_no_deficiency,M,51,0.685672336132795,0.05593160517519308,0.000977777777777778,0.008,0.14104996145474627,0.0037286468960863427,0.04827006051456303,0.028617219219879385,0.009313547510619398,0.006026027944130957,0.0048736330346581,0.007539184339550891
629,4,629,B12_deficiency_no_anemia,B12_deficiency_no_anemia,F,73,0.06046880596292359,0.02083500758500748,0.02495011742664994,0.0952977053172704,0.46295822333595643,0.04287569055098431,0.04686316103154869,0.00941724359601006,0.01623099209901466,0.11065299687983457,0.08724096824024902,0.022209087974550977
630,4,630,no_anemia_no_deficiency,no_anemia_no_deficiency,F,38,0.7026500602765752,0.11090056889140364,0.0025396825396825397,0.0033522713573346484,0.0278287875366836,0.001024390243902439,0.04039201910553295,0.06092993822832854,0.01893107929036544,0.003430952380952381,0.0,0.028020250149239076
631,5,631,latent_deficiency,latent_deficiency,F,36,0.012885120262973941,0.9238732917262299,0.024653281065297614,0.0,0.001259259259259259,0.0,0.005555576342200137,0.0,0.0019412647374062164,0.008539781746031747,0.021292424860601112,0.0
632,5,632,no_anemia_no_deficiency,no_anemia_no_deficiency,F,66,0.6633759536554562,0.049401156724323846,0.016094722535863377,0.003463845350052247,0.051135945502074336,0.013924500673106344,0.09221296821324051,0.029128878591381014,0.009223917754546559,0.020017707683612537,0.001084762979683973,0.05093564033665934
633,5,633,iron_deficiency_anemia,iron_deficiency_anemia,F,62,0.006202703185517128,0.02849445719835037,0.4252026922105025,0.005428277319428203,0.002845021645021645,0.0031407748369773687,0.0067251670158394675,0.03312474280770619,0.010053931438445088,0.09204503722919978,0.328495665033389,0.058241530079622975
634,4,634,folate_deficiency_no_anemia,folate_deficiency_no_anemia,F,42,0.19190141195606095,0.010831131231616163,0.0275184356180643,0.013404769290664899,0.03588896690910127,0.15934713369957237,0.39987726358173603,0.021577513432870583,0.03295503533720831,0.016410473234852688,0.01964403325771648,0.07064383245053554
635,3,635,mixed_deficiency,folate_deficiency_anemia,M,51,0.000625,0.0,0.010967745044104934,0.3308949077808719,0.012432311247261416,0.46264971278081435,0.010983745631002071,0.01013084577114428,0.009359195104809372,0.005516606192097159,0.0860597495561388,0.06038018089175554
636,4,636,B12_deficiency_anemia,B12_deficiency_anemia,M,75,0.008780268978894529,0.0005759162303664922,0.030600986755202085,0.5173506766148899,0.053899062126542635,0.16482708499330817,0.025823661508516338,0.011081965032955667,0.017852558163005933,0.0043887126908948755,0.08347637567596887,0.08134273122945473
637,4,637,inflammation_anemia,inflammation_anemia,M,69,0.0009388989715668482,0.0,0.04028765136044845,0.008058472505907325,0.002,0.015114171302896412,0.0,0.0077313372788634545,0.00864273126602897,0.8138683461585995,0.04334646940226084,0.060011921753428475
638,3,638,B12_deficiency_no_anemia,B12_deficiency_no_anemia,F,77,0.04471208217301973,0.007487927320980068,0.020560801950299374,0.21354967071912162,0.46360187772046846,0.07079006403880686,0.07381531632784448,0.008478512305810627,0.015631504639125316,0.0032227413310839965,0.044448959478931585,0.033700541994507636
639,4,639,latent_deficiency,latent_deficiency,F,73,0.290508731634478,0.5523921644970244,0.01611374677002584,0.0012777777777777776,0.044750066239530935,0.004179555801648825,0.03863192385359704,0.028248760862305117,0.005369571128414288,0.009054981891809429,0.0017000000000000001,0.0077727195433882415
640,2,640,mixed_deficiency,mixed_deficiency,M,63,0.0002276707530647986,0.0,0.021147545263509353,0.27205132119438685,0.026122158300071013,0.18266607427723058,0.014870707146082055,0.0,0.013527067883211561,0.0010823529411764705,0.45665348515534226,0.011651617085924961
641,4,641,folate_deficiency_no_anemia,folate_deficiency_no_anemia,F,39,0.20106293721042298,0.030833602383159565,0.002139766081871345,0.001762241292276628,0.12781845746514872,0.04773189455776718,0.5546176289646202,0.01330291248044296,0.0066330056077488885,0.0038482074752097637,0.006420803883945533,0.0038285425973860277
642,1,642,B12_deficiency_anemia,B12_deficiency_anemia,F,34,0.00045548255332267197,0.0011392405063291138,0.022122339564931787,0.5596732020212113,0.05553128382427541,0.0836512462978054,0.005302990355928675,0.003235460992907801,0.03493962567864597,0.0,0.21550203031653767,0.01844709788810434
643,2,643,iron_deficiency_anemia,iron_deficiency_anemia,F,63,0.0026328966538990404,0.03136671574776055,0.7799751226098407,0.0023122605363984673,0.0025831285831285833,0.0033939393939393936,0.0,0.002,0.0,0.016783987393604486,0.15286097128837553,0.0060909777930530495
644,1,644,B12_deficiency_no_anemia,B12_deficiency_no_anemia,F,74,0.03607756946281881,0.009539417044698063,0.002867363673636736,0.026077694986800803,0.8137421631784131,0.009766101913612267,0.067202388753521,0.011787157611136056,0.0010666666666666667,0.0013363172945418378,0.007516468352593121,0.013020691061561613
645,1,645,latent_deficiency,latent_deficiency,M,87,0.07002249313720416,0.7689941168510412,0.053502767621897526,0.00047058823529411766,0.011316181197070282,0.0,0.014050931265805634,0.025455522787291414,0.00510810304507757,0.02411611213178561,0.022654814376400108,0.004308369351132509
646,3,646,anemia_other,anemia_other,F,83,0.004862452959360793,0.001991188688288864,0.018629963433282444,0.008966436026633695,0.001981253661394259,0.04601439246938512,0.005576437587657784,0.023309136635967724,0.428429842817086,0.01194957554997862,0.015202380183136518,0.43308693998782843
647,5,647,folate_deficiency_anemia,anemia_other,M,61,0.0068333676390952836,0.0012846294841581567,0.05154458906367043,0.11735587153310409,0.007736938847649345,0.24469462455049673,0.01642177736105468,0.011503843164927715,0.08366574493005048,0.016666134131187324,0.0974434147645532,0.34484906453005265
648,5,648,folate_deficiency_no_anemia,latent_deficiency,F,87,0.17440676660845042,0.2508057379969861,0.031662726578901484,0.01008387469634363,0.19283944814161466,0.031429380030837326,0.24242922001722936,0.008842394233677012,0.025142679777333882,0.0028207853183564347,0.006776406926406926,0.02276057967386275
649,2,649,B12_deficiency_no_anemia,B12_deficiency_no_anemia,M,93,0.1601450304448721,0.02595677009473632,0.005608532153150834,0.015047156973619448,0.6447086766646983,0.012783971834347777,0.07242337334550715,0.02348386655652546,0.004871785903550609,0.004601948820964551,0.017903508355164504,0.012465378852863043
650,4,650,latent_deficiency,latent_deficiency,F,28,0.033664988546720495,0.8420752951926891,0.05749190988941237,0.0,0.02014053857914361,0.0,0.009728594111589167,0.01570836853920977,0.0014821664464993395,0.0012777777777777776,0.017241171727769036,0.001189189189189189
651,2,651,copper_deficiency,copper_deficiency,F,53,0.021314784516960672,0.0036870254293711506,0.12424140133740472,0.08185878700696116,0.0,0.08894543155985177,0.01463487871040941,0.024372788823382584,0.349731831255444,0.037940619584826765,0.05452573467658286,0.19874671709880498
652,5,652,B6_deficiency,B6_deficiency,M,65,0.08951380922276357,0.025430047928059238,0.01671421809534622,0.02154715046359874,0.02491383614018371,0.02804963929534312,0.029519211775529984,0.6103296760325845,0.010252237722721443,0.0963148377511092,0.007395706082491791,0.04001962949026847
653,1,653,anemia_other,anemia_other,F,52,0.00739343937924242,0.002062310030395137,0.023357230885215113,0.022873899413466278,0.0007999999999999999,0.07037995832909541,0.010946057637480475,0.012638962206467392,0.02309900548583478,0.035272073973210125,0.01817144739239305,0.7730056152671997
654,3,654,B12_deficiency_anemia,B12_deficiency_anemia,F,69,0.0040240559921240135,0.0023,0.0470436397020018,0.4473974664249814,0.031641387715089724,0.044830782118643706,0.005163124826337968,0.007677794709726689,0.01208976075998244,0.007106595365418895,0.3521899867977143,0.03853540558797893
655,3,655,mixed_deficiency,mixed_deficiency,M,71,0.0,0.005333763056731255,0.35529586722129103,0.006946962644707005,0.004867924528301886,0.0,0.0,0.002776576576576576,0.0015333333333333332,0.005527912532524139,0.6167066710955458,0.001010989010989011
656,5,656,iron_deficiency_anemia,iron_deficiency_anemia,F,37,0.005218538301214245,0.06630873354557565,0.6474679756934655,0.0,0.0025617760617760617,0.002,0.0,0.00492488038277512,0.0012432432432432433,0.015107964582322822,0.24543350397992023,0.00973338420970703
657,5,657,mixed_deficiency,mixed_deficiency,F,69,0.0006865671641791045,0.03529468047321657,0.1311611397164611,0.047594296063310705,0.06939419444515478,0.006187692723728165,0.00885340457154625,0.0,0.0,0.012307235912337901,0.6764350634771373,0.01208572545292797
658,2,658,no_anemia_no_deficiency,no_anemia_no_deficiency,F,41,0.7306529919867594,0.11525684551716509,0.0060797885411082745,0.0019681020733652316,0.022604580200809268,0.0008235294117647058,0.06687920209384085,0.031339287124569265,0.010764324994365563,0.008406541559355139,0.0,0.0052248064968977125
659,4,659,inflammation_anemia,inflammation_anemia,M,44,0.0,0.002460570987654321,0.012584970735164316,0.005537037037037037,0.0,0.00482415996701711,0.0,0.004496296296296297,0.002262962962962963,0.9458435098903679,0.017628008812418716,0.004362483311081441
660,1,660,iron_deficiency_anemia,iron_deficiency_anemia,F,71,0.0007086347545020779,0.02897538753722565,0.8557093152392558,0.002741935483870968,0.0,0.0,0.0,0.004584795754658768,0.0,0.003277777777777778,0.10121305153545393,0.0027891019172552978
661,4,661,B6_deficiency,B6_deficiency,F,31,0.015164111756186061,0.0010056071152358857,0.02469972559345933,0.0666513404012288,0.0030476190476190473,0.019631766216751927,0.004901795689986503,0.49929605136446015,0.033742005421595736,0.14459384632106978,0.012357010540795544,0.1749091205316114
662,5,662,iron_deficiency_anemia,iron_deficiency_anemia,F,26,0.012769049782646612,0.012326883585270879,0.2734696371898872,0.051763640348187055,0.007135159712082788,0.11784567642737666,0.003576437587657784,0.013752961155289047,0.03926371571858663,0.05445285920530478,0.23217656901525108,0.18146741027245952
663,4,663,no_anemia_no_deficiency,no_anemia_no_deficiency,F,68,0.48273094927657617,0.02221147338878043,0.006623689951362548,0.002570245489500148,0.35409731179726595,0.0014097222222222224,0.08608194223015694,0.014715749859552114,0.003107758998230692,0.008625416065532833,0.001334920634920635,0.016490820085899444
664,5,664,B12_deficiency_anemia,B12_deficiency_anemia,F,42,0.0018261904761904758,0.0,0.008042192616213696,0.752287922747808,0.010597249439206001,0.02307049814947062,0.002417582417582418,0.0,0.0009629629629629631,0.002511299435028248,0.18122995120896565,0.017054150546572236
665,3,665,anemia_other,anemia_other,F,56,0.0030302525257023473,0.0,0.012914862788699912,0.05862197793285883,0.007585991289816175,0.0869103332874412,0.011679030313192852,0.0038711649723494734,0.014434806766484008,0.004202061934233661,0.010256303928198082,0.7864932142610233
666,1,666,latent_deficiency,latent_deficiency,F,52,0.16162581139544938,0.6633491274636897,0.03125653520248026,0.0014468085106382977,0.034075117832490745,0.0010353697749196141,0.019018810995322603,0.061973351122591024,0.01657084496575825,0.0,0.009067927934487892,0.0005802948021722265
667,2,667,anemia_other,anemia_other,F,65,0.005460584912484215,0.0,0.018272434447842476,0.02466331229588975,0.004390552995391705,0.08689208947206511,0.01633952425927674,0.025658933601338092,0.015318094434977184,0.01508754014619958,0.01751361555491275,0.7704033178796221
668,4,668,mixed_deficiency,mixed_deficiency,F,42,0.008618782448881533,0.0,0.1755411999401887,0.03162078205078317,0.003036796536796537,0.13283122388771393,0.007962017233570172,0.0333128743032585,0.037654688339476355,0.22548325674600694,0.23392619474040607,0.11001218377291815
669,5,669,latent_deficiency,latent_deficiency,F,60,0.04831646962853558,0.8931634921206033,0.01667169841771756,0.0,0.0028686131386861315,0.0,0.00557017435049273,0.00461578947368421,0.010110641528282095,0.006621097660267945,0.012062023681730503,0.0
670,1,670,latent_deficiency,latent_deficiency,F,50,0.1939681374174142,0.5629603010346415,0.09346912438039455,0.0011314622673358691,0.033898227817477575,0.005718518518518519,0.045835899944255576,0.005388038001352159,0.008487164382197737,0.01815092617890503,0.022345060989475245,0.008647139068032078
671,4,671,anemia_other,anemia_other,F,21,0.007567755995839974,0.0015903614457831326,0.025383970256036427,0.019032818414901488,0.0031118421052631576,0.08144827779544753,0.004634384195039932,0.010837638075286028,0.01245492061620593,0.009842597740908506,0.014659682058258882,0.8094357513010291
672,1,672,B6_deficiency,B6_deficiency,F,68,0.0017987263281380927,0.007591415793614642,0.08873654992097105,0.017554114423926754,0.0013939393939393938,0.011288872475058458,0.0021073403447901978,0.7733390834307668,0.021282155761873426,0.006310750815620513,0.030792500769479696,0.037804550541820844
673,2,673,B12_deficiency_no_anemia,B12_deficiency_no_anemia,F,89,0.19923294046602336,0.019500746566310935,0.0029308878256246677,0.005626876184407725,0.5571000054923293,0.008165853607598535,0.1461663699751747,0.008430214229974123,0.019990406444091495,0.004820609259886515,0.012139888510735322,0.015895201437843696
674,1,674,B12_deficiency_anemia,B12_deficiency_anemia,F,64,0.001785810810810811,0.0,0.02093786880042358,0.5309855142698844,0.041962280297916675,0.07193851862556448,0.011191075020207147,0.011201745667004473,0.009032637182637183,0.0066153600654545765,0.18395020374515472,0.11039898551494208
675,5,675,mixed_deficiency,iron_deficiency_anemia,M,46,0.008461899395553878,0.0162172909816133,0.45474635423806653,0.07104877830041381,0.0797311454817272,0.008267115083833288,0.005284601379531641,0.04085184683530031,0.008362577966704981,0.01700514662600188,0.25142036000295803,0.038602883708294955
676,4,676,B12_deficiency_no_anemia,B12_deficiency_no_anemia,M,77,0.23854940418880372,0.23664704847818124,0.01157796405730748,0.018860223342523318,0.3769650921338499,0.006106797706797706,0.04303023629475081,0.017131749992369223,0.009749131946470637,0.005484180972164834,0.01989415310634738,0.016004017780434015
677,4,677,inflammation_anemia,inflammation_anemia,F,84,0.003002852618613126,0.0022865248226950356,0.01438515611311351,0.0077380952380952375,0.0,0.025878732502114848,0.0018333333333333333,0.0008955223880597015,0.0028955223880597013,0.9086279179333479,0.012907055830462266,0.01954928683210541
678,2,678,B12_deficiency_no_anemia,B12_deficiency_no_anemia,F,63,0.04633750090250423,0.008316786109783338,0.0003303085299455536,0.06421080481490166,0.7028799128032776,0.024433433833701345,0.07744532306374638,0.0013636363636363635,0.03241384980307422,0.005714529159563654,0.014811549938344439,0.02174236467752135
679,4,679,latent_deficiency,latent_deficiency,F,72,0.007765000056803334,0.9580160162637674,0.023157531238616327,0.0,0.0006936936936936937,0.0,0.0,0.000990990990990991,0.0,0.001559322033898305,0.006754945722229916,0.0010625
680,3,680,folate_deficiency_anemia,folate_deficiency_anemia,F,44,0.005753571428571429,0.0,0.0074862489602797585,0.050740463494880865,0.015551008423101446,0.7180063215201692,0.02758619321279234,0.0008679245283018868,0.021763872720639846,0.008764394517229403,0.10904668986931469,0.034433311324719135
681,2,681,latent_deficiency,latent_deficiency,M,88,0.06700134943537045,0.5504528709614727,0.09931950610213937,0.0,0.021192939936910574,0.0,0.012751471118532849,0.05984790228639357,0.011182033607436631,0.1556345017697601,0.017688598043184997,0.004928826738798833
682,5,682,folate_deficiency_anemia,folate_deficiency_anemia,F,53,0.006277809403277356,0.0,0.010718156436111395,0.15406876949693635,0.0071088180112570355,0.4977894956323342,0.047735119110598974,0.002454954954954955,0.015491753196037324,0.004075949537048454,0.22442020778576732,0.029858966435676385
683,5,683,B12_deficiency_anemia,B12_deficiency_anemia,F,53,0.007283143787301326,0.0,0.031335488311690335,0.380731884874376,0.012034336312984296,0.030234229781160124,0.016513362212400292,0.03033759815973225,0.06479282595670101,0.015482858388489045,0.2749628502128899,0.1362914220022754
684,1,684,no_anemia_no_deficiency,no_anemia_no_deficiency,M,78,0.7342741067521315,0.04031578942887231,0.0012251522533495737,0.006998483255533595,0.05781829588571042,0.002491175491175491,0.0810374611949397,0.014312427745095013,0.012243833082109341,0.02966906971264325,0.001256140350877193,0.018358064847562902
685,2,685,mixed_deficiency,iron_deficiency_anemia,F,31,0.0061749580760994275,0.0020755697353635498,0.44947000105942886,0.030145795846307062,0.0,0.06424302495348264,0.0,0.02807231580278441,0.025408324879549162,0.020723048485715937,0.3093318720805705,0.06435508908069817
686,1,686,iron_deficiency_anemia,iron_deficiency_anemia,F,73,0.003352941176470588,0.03279242876917091,0.7557442479212095,0.003277777777777778,0.0017468354430379748,0.0,0.0,0.0015333333333333332,0.002,0.01895909527652869,0.17821721905285792,0.002376121249613362
687,5,687,B12_deficiency_no_anemia,no_anemia_no_deficiency,F,90,0.5024220012480519,0.04455187506420294,0.008751868538724623,0.009416786162656475,0.2750498721601797,0.004105885392131536,0.07592807236361579,0.025625220899091715,0.029296501664361953,0.0031160863782925268,0.004278712000096619,0.01745711812859432
688,3,688,mixed_deficiency,mixed_deficiency,M,51,0.0008717948717948717,0.009085222672064778,0.44498458364340937,0.007818896266640627,0.0,0.0,0.0013043478260869564,0.0,0.0,0.0048421208897774706,0.5277450679390409,0.0033479658911850447
689,5,689,anemia_other,anemia_other,M,86,0.16061751260318036,0.06469967704564296,0.04920942230054885,0.0049794119279185966,0.040805251369540975,0.02255282678705572,0.04494018393789999,0.1472498649942,0.023318779320411293,0.027005111958750036,0.009263739702243949,0.40535821805260724
690,2,690,iron_deficiency_anemia,iron_deficiency_anemia,F,90,0.02506963502400913,0.03450507035129678,0.38778163593698134,0.014043453750033049,0.0030433631247931145,0.04921996244151388,0.013826567363470727,0.07967224440532661,0.024589470851505077,0.04647233847685586,0.18598975154089378,0.13578650673332027
691,1,691,B12_deficiency_no_anemia,B12_deficiency_no_anemia,F,77,0.013220777650771055,0.009459566326818748,0.0,0.04673588118398536,0.8479066566477526,0.008062807979364268,0.049451640020347895,0.002,0.011282591703786047,0.0011333333333333332,0.0076799309611686436,0.003066814192672316
692,3,692,iron_deficiency_anemia,iron_deficiency_anemia,M,80,0.0,0.00963969599810109,0.9139283783783784,0.0,0.0,0.0,0.0,0.0,0.0,0.00330414605418139,0.07225985504103724,0.0008679245283018867
693,4,693,no_anemia_no_deficiency,no_anemia_no_deficiency,M,67,0.8033394445275442,0.09090275983955093,0.00046666666666666666,0.0,0.02611263624770995,0.0,0.029429586232523768,0.02851886479788375,0.012573684638140908,0.0006409597257926307,0.0020064593417398954,0.006008937982447312
694,2,694,latent_deficiency,latent_deficiency,F,40,0.09575542031695823,0.7737713425303533,0.028986357832956597,0.0006908127208480566,0.05524762527586144,0.0010566037735849057,0.011806470293746254,0.0,0.0034370527000650622,0.008411111111111112,0.019714922874372185,0.0011222805701425356
695,1,695,iron_deficiency_anemia,iron_deficiency_anemia,F,52,0.0,0.002,0.8082476190476191,0.0,0.0,0.0013939393939393938,0.0012380952380952382,0.0,0.0010454545454545454,0.0007619047619047619,0.185312987012987,0.0
696,5,696,folate_deficiency_anemia,anemia_other,M,52,0.008318269115510712,0.0,0.041507269050912426,0.02930013816045069,0.001987878787878788,0.2992671128594895,0.09850052759499174,0.027437371776157588,0.024073108904523872,0.03796643895071526,0.09157697300952489,0.3400649117898448
697,3,697,mixed_deficiency,mixed_deficiency,F,66,0.0006865671641791045,0.007193564547400229,0.32537878402664816,0.014356873632598141,0.014393007942925286,0.003642857142857143,0.00184,0.0,0.004439800995024875,0.0017971728757364635,0.6188661946368497,0.007405177035781066
698,1,698,folate_deficiency_anemia,folate_deficiency_anemia,F,47,0.00989201843528109,0.0,0.011764508969898287,0.042995789327730995,0.005142857142857143,0.7723122908086806,0.04070172364605064,0.003057239057239057,0.013291462167836676,0.0038300395256916997,0.05609364158690871,0.04091842933182522
699,5,699,no_anemia_no_deficiency,no_anemia_no_deficiency,M,84,0.7234615913216358,0.040233125012749685,0.0074118370545985,0.0015438596491228072,0.0490367871002789,0.006383053221288515,0.11675121328147274,0.01698941675258806,0.006116066234442283,0.010670420626633193,0.00023476297968397296,0.02116786676550581
700,3,700,mixed_deficiency,mixed_deficiency,M,49,0.0,0.004257017543859648,0.2203588304902692,0.011949285836676836,0.010684986448601674,0.0,0.0,0.0,0.0,0.003981968511844323,0.7487679111687482,0.0
701,2,701,anemia_other,anemia_other,F,42,0.014990103478033241,0.0,0.0388734624312948,0.1091640698521147,0.011129458796016541,0.22940557523908636,0.03128311264968791,0.06969109436609497,0.0581999329246947,0.060618404572523016,0.03362880478088154,0.3430159809095721
702,2,702,copper_deficiency,copper_deficiency,F,23,0.006742249672346693,0.001392857142857143,0.013395414719024088,0.003974160090230946,0.0012000000000000001,0.021820515827636573,0.009886846838244562,0.013427633025811401,0.7747375007755615,0.0037787230802786937,0.005247239855026713,0.14439685897298216
703,2,703,anemia_other,anemia_other,F,47,0.03075270684473217,0.0,0.04107827468897996,0.031545025367970186,0.0026129032258064514,0.05052261170971707,0.014792087169913827,0.08089706794743028,0.027523972512025992,0.13619598842825129,0.013469315905033948,0.5706100462001389
704,3,704,no_anemia_no_deficiency,no_anemia_no_deficiency,F,65,0.3783604362711096,0.0735084836909575,0.03653665089944523,0.038741054610396314,0.11855827359920496,0.03145423395418084,0.22915397117518108,0.010626772499133401,0.01706429381941008,0.012316315940902081,0.013759485080584973,0.03992002845949426
705,3,705,iron_deficiency_anemia,iron_deficiency_anemia,F,89,0.0,0.029869464611048443,0.7221001248835194,0.002541176470588235,0.003642857142857143,0.0076020406928109935,0.0014838709677419354,0.0,0.002,0.01163917256051981,0.19984462990225554,0.019276662768658467
706,3,706,inflammation_anemia,inflammation_anemia,F,48,0.0,0.005405267277498964,0.02207262461310563,0.0,0.0031663373889664003,0.0008571428571428571,0.0,0.002864864864864865,0.0005416666666666668,0.939699770666287,0.01694251871566079,0.00844980694980695
707,4,707,B6_deficiency,B6_deficiency,M,73,0.010901367528104531,0.00321989247311828,0.024360574752623286,0.01852628478175719,0.0032,0.03756203653184822,0.0054424552429667514,0.6483671827453639,0.011576182517613295,0.018443185882036577,0.009281932574547427,0.20911890497002075
708,1,708,mixed_deficiency,mixed_deficiency,F,80,0.004452879959327616,0.004256540906422889,0.13950384873413754,0.11580706342641825,0.05161919346737654,0.01244802549389582,0.00837747653806048,0.00920527013024488,0.02262081270203057,0.017704347826086958,0.5677287196417976,0.04627582117420067
709,2,709,iron_deficiency_anemia,iron_deficiency_anemia,F,18,0.0010222222222222223,0.01713267425320057,0.9197908858375026,0.0,0.0,0.0,0.00136,0.0,0.0,0.0018775510204081633,0.05881666666666667,0.0
710,2,710,B12_deficiency_anemia,B12_deficiency_anemia,M,64,0.0017713250271862834,0.002287903667214012,0.034596771347423505,0.568195444913113,0.004854808959156785,0.018413799380137746,0.0011578947368421054,0.00248820787630132,0.0010852994555353903,0.0,0.3519343965593971,0.013214148077692773
711,4,711,B12_deficiency_anemia,B12_deficiency_anemia,F,24,0.0011513157894736843,0.0,0.02504929221290939,0.6238900194788399,0.05637236260036723,0.05555038641133858,0.002222807094245034,0.005913184621856544,0.018618536394468463,0.007126744075095515,0.172532931268888,0.03157242005251764
712,2,712,B12_deficiency_no_anemia,B12_deficiency_no_anemia,F,52,0.06009675243335005,0.06304062121278921,0.03551792243088661,0.037905178952670995,0.5911386663131173,0.019329361617590118,0.07440526479675169,0.004097519233788664,0.0278961687219477,0.0037862318840579706,0.06076364525239692,0.022022667150652767
713,2,713,no_anemia_no_deficiency,no_anemia_no_deficiency,F,28,0.5547978061022093,0.04667353404031847,0.01132328271659837,0.004957626392459297,0.04753198741742507,0.006528167772055718,0.2778709332955887,0.00303448275862069,0.024938783032071886,0.004621933070056021,0.004931999688965633,0.012789463713631159
714,1,714,anemia_other,anemia_other,F,42,0.004094911611954297,0.0,0.024730600779141028,0.008097181074474921,0.0,0.032606128170207464,0.0036221648405331845,0.018674376120207573,0.011405895521854352,0.010937040214633195,0.016453941861749078,0.8693777598052448
715,3,715,folate_deficiency_anemia,folate_deficiency_anemia,F,69,0.005925392201629179,0.002,0.022869145098223038,0.08822312279606113,0.008516877829429103,0.5600633328040648,0.02065255102174787,0.004889803921568628,0.022498174609717637,0.00809824738793394,0.21785935707607426,0.038403995253550025
716,1,716,anemia_other,folate_deficiency_anemia,F,36,0.007642701068405666,0.0008070175438596492,0.06432739856757091,0.15320825931165785,0.005707313510323086,0.4149700441482837,0.021212524045999288,0.011295951556011628,0.04953566151197705,0.012583090201373057,0.06513850275294919,0.19357153578158903
717,2,717,latent_deficiency,latent_deficiency,F,47,0.0017435897435897434,0.8565056687152474,0.08669391923252665,0.0,0.0028199233716475094,0.0,0.0064712927457939605,0.01221141558981849,0.0,0.018537365848804034,0.015016824752572181,0.0
718,2,718,mixed_deficiency,B12_deficiency_anemia,F,48,0.0011457182828952214,0.0014616626311541566,0.012007312965991074,0.6460612686954971,0.023549301211186726,0.049953845584017074,0.004791987673343606,0.0015757575757575758,0.0029123196448390676,0.0016622535072282616,0.24582090498943174,0.009057667238658595
719,1,719,iron_deficiency_anemia,iron_deficiency_anemia,F,84,0.008656738364013357,0.014016539309803433,0.6297345117049328,0.0066587539874706945,0.005857646229739252,0.03519029868135684,0.006722596772549383,0.036784295612091476,0.00723392227433017,0.00748225577972891,0.19954806739895664,0.04211437388502706
720,5,720,B12_deficiency_no_anemia,B12_deficiency_no_anemia,F,52,0.26429121211335344,0.03807121035613153,0.008942132886416976,0.004867571059431524,0.5312003931531774,0.0020829888225386613,0.06174045449124157,0.037716626137022785,0.018625625588471834,0.005534093255607975,0.0055129989266799635,0.021414693209926224
721,4,721,anemia_other,anemia_other,M,28,0.03206546531227474,0.003128205128205128,0.03235302780972502,0.009996352963563264,0.003990146750524109,0.046237674507715855,0.005843541496227615,0.041647130708029105,0.040228811629044826,0.014373889330497455,0.021810736433346467,0.7483250179308462
722,3,722,iron_deficiency_anemia,iron_deficiency_anemia,F,38,0.009622763784069685,0.0011282051282051281,0.5135465616112457,0.020118458737001334,0.0028532883642495782,0.08922008603814337,0.014526133823730301,0.032169104271931044,0.03426084985343678,0.021645420454543946,0.19679131396684996,0.06411781396659305
723,4,723,mixed_deficiency,B12_deficiency_anemia,F,45,0.0015648619818344576,0.0,0.019254432374536064,0.6769795161500682,0.009843773028739866,0.10950011173598052,0.0,0.0013,0.010631653611526046,0.0013832199546485262,0.15668229645173162,0.012860134710935047
724,2,724,iron_deficiency_anemia,iron_deficiency_anemia,M,58,0.0,0.00480491194989359,0.8138723057639601,0.0011500987491770902,0.0,0.0032346938775510204,0.0,0.0,0.0,0.0009387755102040817,0.17599921414921418,0.0
725,3,725,mixed_deficiency,iron_deficiency_anemia,F,46,0.002,0.005764263920671244,0.5021896828596232,0.0,0.0,0.018444203944203943,0.010218511490617753,0.020782987265340204,0.008486512928022362,0.021894934353636614,0.40168482533066235,0.008534077907222331
726,1,726,mixed_deficiency,mixed_deficiency,F,48,0.002376984126984127,0.0,0.0037287206070613266,0.37395011645761583,0.006024076380240763,0.07066614759372364,0.008895238095238095,0.0,0.000997830802603037,0.0,0.5326481326588217,0.0007127532777115614
727,2,727,B12_deficiency_no_anemia,B12_deficiency_no_anemia,F,51,0.010818161418793167,0.02853305076847664,0.015123404786412253,0.14860402880272688,0.6226421321322299,0.027673427454305885,0.045724261678289614,0.011042686418468478,0.003463183874948581,0.0024081632653061226,0.0798749095388645,0.0040925898611779594
728,5,728,inflammation_anemia,inflammation_anemia,F,93,0.002496214039872719,0.006359302325581395,0.0292900840280581,0.0012222222222222224,0.0006046511627906978,0.0035,0.0,0.011792938073095395,0.001517241379310345,0.9259511879786212,0.010904797474545376,0.006361361315902776
729,5,729,B6_deficiency,B6_deficiency,M,54,0.1833687044501493,0.06584345701250278,0.005643577922909463,0.0032830619844019986,0.010875502641265291,0.001975887696924048,0.06818092317599463,0.6529999338315671,0.005358823529411765,0.0017133709981167606,0.0007567567567567568,0.0
730,2,730,mixed_deficiency,iron_deficiency_anemia,M,64,0.020295606462011707,0.025616785579673076,0.6098607960316508,0.011853415348885109,0.008290714623024902,0.013892856946528741,0.003400252610500627,0.04658658529259257,0.019807010619089967,0.02093538389652751,0.1684223629283131,0.05103822966120149
731,4,731,B12_deficiency_no_anemia,B12_deficiency_no_anemia,F,79,0.03178370855132534,0.046023276542231206,0.006222369340120297,0.01847120327122667,0.7115551141953824,0.02688386831555924,0.10319082724382761,0.0009629629629629631,0.001517241379310345,0.0003225806451612903,0.044035583197490465,0.009031264355402286
732,4,732,mixed_deficiency,mixed_deficiency,F,51,0.0,0.004866666666666667,0.17896666666666666,0.0031333333333333335,0.0,0.0,0.008669656222930073,0.0,0.0016283185840707966,0.002837099811676083,0.7998982587146564,0.0
733,5,733,B12_deficiency_anemia,B12_deficiency_anemia,F,74,0.008474119763339028,0.0,0.01712664012823264,0.53787373728959,0.015529998342357847,0.09607709890049476,0.016903647807520013,0.019862862677094032,0.03610097850069732,0.01874148358039666,0.16165616305344632,0.07165326995683158
734,2,734,folate_deficiency_no_anemia,folate_deficiency_no_anemia,F,39,0.1254165483829659,0.011498613691147247,0.005405317772746384,0.003384242424242424,0.06926100546791084,0.0432938996219084,0.6579824911829522,0.012368474199077698,0.043701373121844744,0.0075827660803623655,0.009124926701722184,0.010980341353119172
735,3,735,iron_deficiency_anemia,iron_deficiency_anemia,F,24,0.0008108108108108108,0.004944579489873664,0.8081173186533084,0.005706665029067387,0.0,0.0030031006993691007,0.000978723404255319,0.016011633249457747,0.004758237747875054,0.035017756392293466,0.10309741603513055,0.017553758488558502
736,2,736,inflammation_anemia,inflammation_anemia,M,47,0.027996486849451562,0.030771982420577666,0.08663306810617398,0.010428918191616949,0.020472474106716716,0.015227102507415958,0.01738022685230523,0.020939876279745,0.012927564390351415,0.6036936966800241,0.09848303473478849,0.05504556888083283
737,1,737,iron_deficiency_anemia,iron_deficiency_anemia,F,76,0.0,0.01800447598279737,0.8014275376907292,0.0018621697922968342,0.0,0.0,0.0,0.0028326232501521605,0.0010852994555353903,0.002938775510204082,0.17184911831828487,0.0
738,5,738,iron_deficiency_anemia,iron_deficiency_anemia,F,43,0.0071904227912724435,0.05638155721177604,0.6923762035212744,0.0032422488631665978,0.0,0.005496055796055796,0.0,0.006314636935391652,0.0,0.028206891452233068,0.17474072776925206,0.026051255659577624
739,3,739,B12_deficiency_anemia,B12_deficiency_anemia,F,44,0.0019713946281199224,0.0,0.03841418728886552,0.576729603868454,0.03954917409017873,0.1238182968634516,0.006144059243130449,0.0046223234226431525,0.019466470165464666,0.0034048339320602505,0.14183102679944318,0.044048629698188436
740,2,740,no_anemia_no_deficiency,no_anemia_no_deficiency,F,59,0.6415241167425197,0.06582125255680016,0.0006470588235294118,0.0,0.037699288437556176,0.0022211538461538462,0.08514641158034464,0.10775760253963011,0.03558153239467222,0.003616666666666667,0.0,0.019984916412127504
741,5,741,no_anemia_no_deficiency,no_anemia_no_deficiency,M,61,0.860497456592865,0.027920523322740844,0.0042819891753993105,0.0,0.023775709454328022,0.001962962962962963,0.03501727265672895,0.030603998793483213,0.005214541217003597,0.005461109875536446,0.00031707317073170733,0.004947362778220236
742,2,742,latent_deficiency,latent_deficiency,F,80,0.022344467611278108,0.8365919252054304,0.08307903746538944,0.0,0.011410449333483348,0.0,0.010267715130106953,0.01482212362597401,0.005136026571594998,0.009385501779031096,0.00625,0.0007127532777115614
743,1,743,mixed_deficiency,mixed_deficiency,F,45,0.003987754423260348,0.004667127619359244,0.14205932572005128,0.1364832491813147,0.016932881474580618,0.013453301264685568,0.002877600387034349,0.010186109301889837,0.008531793035106693,0.06920252421565624,0.538001561390057,0.0536167719870042
744,2,744,B12_deficiency_anemia,B12_deficiency_no_anemia,M,72,0.03498470004370267,0.02083829931340681,0.022223372512799752,0.1509436019334637,0.5776937153937245,0.021754552956920997,0.0586651409359649,0.006414211076280042,0.008918795072683741,0.00142512077294686,0.07974682452697898,0.016391665461127154
745,3,745,folate_deficiency_anemia,folate_deficiency_anemia,F,24,0.013623260167434498,0.0,0.049562347704440804,0.1655412191650113,0.02213380869426765,0.29866246137662655,0.043874638409534504,0.031981581309605336,0.03286775407020677,0.09523317242979701,0.04056846288603887,0.20595129378703678
746,3,746,mixed_deficiency,mixed_deficiency,F,80,0.0033731343283582085,0.004915751388602949,0.29264535379567264,0.015960633283035642,0.0,0.12845368863001214,0.02971110381849674,0.02955260016881523,0.019104165907168093,0.022542761342915902,0.4028793942313964,0.05086141310552599
747,4,747,anemia_other,anemia_other,M,84,0.03167778641084328,0.006937344809736566,0.04249085566876328,0.0427725468101623,0.035609098100415404,0.012348071422544073,0.007463657373300563,0.1275891852289105,0.017123444352950646,0.054499391834457823,0.050380898225095984,0.5711077197628195
748,4,748,B6_deficiency,B6_deficiency,F,27,0.05483040429261442,0.01770031555182689,0.023789575616397614,0.00461682352390317,0.0080887417350832,0.013551262375127295,0.011599850786429344,0.7670838976647536,0.034971588784757826,0.019007710654815737,0.004042449970108107,0.04071737904418289
749,2,749,B12_deficiency_anemia,B12_deficiency_anemia,F,61,0.0,0.0,0.002528282828282828,0.8601124559326422,0.010461071789686551,0.01032770432190668,0.0,0.0022160953800298066,0.0,0.0,0.1131396895540285,0.0012147001934235976
750,3,750,no_anemia_no_deficiency,no_anemia_no_deficiency,F,89,0.7896908963851752,0.020387669687682894,0.0,0.0,0.07381637391055794,0.003649509803921569,0.09703837326632746,0.0008800000000000001,0.00658054833952133,0.003357799648841248,0.0,0.004598828957972287
751,5,751,anemia_other,anemia_other,M,65,0.002938403917196808,0.004577937372899531,0.05729678008510728,0.010129296576254205,0.0023303571428571427,0.08334733533612097,0.024545466339571706,0.03524307796114338,0.007556375802259243,0.012239991063961262,0.06560375047176112,0.6941912279308674
752,2,752,mixed_deficiency,iron_deficiency_anemia,F,44,0.0010222222222222223,0.031595595837703,0.6056280529167308,0.006754876292378279,0.0008214285714285714,0.004283934380518635,0.008872993672993672,0.002776576576576576,0.002901088929219601,0.01624443991178542,0.310786527359494,0.008312263328949635
753,2,753,latent_deficiency,latent_deficiency,M,28,0.002894055145767475,0.9520166605210025,0.032819131975840646,0.0,0.002634259259259259,0.0,0.00272,0.0,0.0,0.0011333333333333332,0.0047200597647966075,0.0010625
754,5,754,iron_deficiency_anemia,iron_deficiency_anemia,F,58,0.012474178660463676,0.01630845790189751,0.5857348292406473,0.017192200852437098,0.00927036697482195,0.02260157933372416,0.01322463936865799,0.037758282402744626,0.05273585392809136,0.01705976079323027,0.1517220752896301,0.06391777525365365
755,4,755,folate_deficiency_anemia,folate_deficiency_no_anemia,M,64,0.18790429658724894,0.009706115192192917,0.012180329308492886,0.06728576399407503,0.20947131247950165,0.0924379074143255,0.25176085108488383,0.015441154313810457,0.07619966791344708,0.012359124390285222,0.017735841243299636,0.04751763607843675
756,1,756,no_anemia_no_deficiency,no_anemia_no_deficiency,F,46,0.49190194951173444,0.04282533144967948,0.0049772036567757826,0.013575365705685837,0.10350255665465603,0.014146779973126163,0.2583642483748346,0.004378460577862372,0.0433218784320775,0.010886069724102627,0.0015260635839556324,0.010594092355509604
757,1,757,mixed_deficiency,mixed_deficiency,F,69,0.0001917808219178082,0.010981334324598448,0.26808348281891853,0.0012777777777777776,0.0,0.0060762526563012415,0.004285264695964932,0.0018082191780821916,0.0,0.0016807109940750492,0.7046518259470241,0.0009633507853403141
758,5,758,anemia_other,anemia_other,F,66,0.018567377308098296,0.002354838709677419,0.0548347964664988,0.034726384881463394,0.007836824382763542,0.060915670221693335,0.023466883022805637,0.005099485420240138,0.0063774766683416945,0.0105845470623285,0.02235712672191672,0.7528785891341725
759,4,759,no_anemia_no_deficiency,no_anemia_no_deficiency,M,67,0.6572076694892183,0.02477672199049524,0.0011785714285714286,0.014070827292743303,0.06098391280825813,0.01201184302768274,0.20359220447260218,0.0073360413307674965,0.011945117841507407,0.003566295584468092,0.0009009290121267996,0.002429865721559427
760,2,760,no_anemia_no_deficiency,no_anemia_no_deficiency,F,51,0.6223225767039539,0.22042483758791073,0.001213781255338994,0.0007419354838709677,0.03967133609951444,0.0022828282828282827,0.09380272939345938,0.0021169590643274855,0.006030990945212537,0.0035438596491228075,0.00451118394571905,0.0033369815887416563
761,2,761,folate_deficiency_no_anemia,folate_deficiency_no_anemia,F,68,0.09186269532442218,0.02377255158460115,0.005252982360660667,0.001801872711980419,0.08076911772913827,0.10465745729653513,0.6576440859361601,0.0025263157894736842,0.015725257298632077,0.0017179294823705927,0.005790247232070047,0.008479487253955191
762,2,762,mixed_deficiency,mixed_deficiency,F,32,0.0,0.004577116127116127,0.14967469038897613,0.026655773307825138,0.02021063737101473,0.0,0.000978723404255319,0.0,0.0,0.0012777777777777776,0.7919488110347994,0.004676470588235294
763,2,763,anemia_other,anemia_other,M,60,0.029370360117075996,0.002646513051269686,0.10363245289601736,0.07317739692949009,0.007586114941107259,0.050078270890974684,0.003681333053783409,0.07163334759071038,0.04044335111290095,0.06728583835032373,0.030937849267404477,0.5195271717989419
764,3,764,latent_deficiency,latent_deficiency,F,70,0.10855177487851178,0.7627882202847701,0.018537125653976617,0.0,0.022199385803490925,0.0,0.030774592772975087,0.03840661478393977,0.008098190798623528,0.004583708513708514,0.004624022873639795,0.0014363636363636364
765,2,765,inflammation_anemia,inflammation_anemia,F,59,0.0007428571428571428,0.0,0.010489258601195284,0.0006666666666666666,0.0,0.0,0.0,0.0013333333333333333,0.00236231884057971,0.9751878783405381,0.006289115646258505,0.002928571428571429
766,2,766,B12_deficiency_no_anemia,B12_deficiency_no_anemia,M,91,0.19882970118669338,0.008458118547753522,0.0006060606060606061,0.002938775510204082,0.6479620745671957,0.011267284584467246,0.08655843183501691,0.0,0.016918586792879223,0.014712541618478053,0.006476823233173085,0.005271601518078341
767,5,767,B12_deficiency_no_anemia,B12_deficiency_no_anemia,M,75,0.3090989108724387,0.039456614178266285,0.006371842714442335,0.009277901992375909,0.33412009760308514,0.015077106008286201,0.2377345945251508,0.0027383216205043408,0.012141952900019374,0.012290796219531107,0.0008173939031679618,0.020874467462732138
768,5,768,anemia_other,anemia_other,M,71,0.032936666282056534,0.004344014853236377,0.02763738842549647,0.04120089433193386,0.012390157297820607,0.0420209984378098,0.028354331042344645,0.12324478306141062,0.1202555598972022,0.03754955336091413,0.015884025107079185,0.5141816279026955
769,3,769,no_anemia_no_deficiency,no_anemia_no_deficiency,M,87,0.7100833378129762,0.020160205972545562,0.004093532395204674,0.0010714285714285715,0.04673675461440679,0.008675824175824175,0.15282778455610915,0.001861720654824103,0.002945454545454546,0.002658998825556786,0.0,0.04888495787566992
770,1,770,B6_deficiency,no_anemia_no_deficiency,F,64,0.4418812121133299,0.10870156091609218,0.028412007660425856,0.006427367446111104,0.05546704965325468,0.001189189189189189,0.06806626307547481,0.1286968747719092,0.04347880441631148,0.04878556543473223,0.004543903749526908,0.06435020157364234
771,2,771,mixed_deficiency,mixed_deficiency,F,69,0.0015390761548064922,0.008956141761381233,0.23609341150647262,0.007607500688290317,0.0023128583128583127,0.025888032916881715,0.010121755329497266,0.0015333333333333332,0.004464033780427223,0.01129890622915833,0.677508479398658,0.012676470588235294
772,3,772,no_anemia_no_deficiency,no_anemia_no_deficiency,F,55,0.8427503681297286,0.031100617162732873,0.002,0.01729202145079417,0.026530082506166616,0.006538077638356534,0.03751507461424101,0.009544601879674732,0.010322195003052077,0.0021480114301344715,0.007396758280479211,0.006862191904639537
773,1,773,folate_deficiency_anemia,folate_deficiency_anemia,F,53,0.005939380880425138,0.0,0.09673758018117398,0.23227782290130883,0.01763469111935651,0.3632391226593931,0.021344741151167305,0.008936065857321077,0.05474890229892742,0.009320806882548164,0.09174921942705457,0.09807166664132404
774,3,774,iron_deficiency_anemia,iron_deficiency_anemia,F,81,0.0,0.00782802507009159,0.9075985409987584,0.0,0.0,0.0016428571428571427,0.0,0.0,0.0031560800647923177,0.0,0.07918916738218333,0.0005853293413173653
775,2,775,no_anemia_no_deficiency,no_anemia_no_deficiency,F,86,0.5380102771867493,0.03526112521912536,0.005390396474760834,0.0,0.04826264365683706,0.01024963010845364,0.312654594315264,0.010208603421074785,0.02004699156502457,0.007081632480412396,0.000838709677419355,0.011995395894879109
776,5,776,B12_deficiency_no_anemia,B12_deficiency_no_anemia,F,89,0.08765913512921285,0.023386111753449568,0.0039019458177249077,0.03617444817996265,0.7417208165283332,0.0025348857491714638,0.07503608536968456,0.0011764705882352942,0.0026150537634408604,0.0024889938546984306,0.018564038524071385,0.004742014742014742
777,2,777,no_anemia_no_deficiency,no_anemia_no_deficiency,F,50,0.5384082335644446,0.06709131951578032,0.0026889452671180957,0.0,0.0805812122844146,0.01854879934879935,0.2560806667230607,0.010100195805750068,0.00903280888857454,0.002,0.001780232558139535,0.013687586043918452
778,3,778,anemia_other,anemia_other,F,88,0.021600025868319116,0.0003809523809523809,0.08046004454775067,0.22238450419523575,0.032868531984735994,0.19236198009846603,0.007543425198597612,0.023606180726937508,0.0613358057372375,0.04779250674871211,0.07235697513722344,0.23730906737583188
779,3,779,latent_deficiency,latent_deficiency,F,26,0.007694226284311851,0.8648189858570196,0.08747053634833685,0.0,0.0027037037037037034,0.0,0.00506605222734255,0.004603136865870763,0.0,0.01349911377359901,0.01229633741977683,0.0018479075200386675
780,1,780,mixed_deficiency,iron_deficiency_anemia,F,51,0.000557377049180328,0.02775845527650642,0.49355452986789744,0.012497405402575318,0.0023052775250227476,0.009251585623678645,0.0008280254777070064,0.0028969696969696965,0.005221105897894041,0.016454422840295628,0.4193210266267705,0.009353818715502353
781,1,781,latent_deficiency,latent_deficiency,F,71,0.12760140935775413,0.5837634206029808,0.08020924206740768,0.003479226803544753,0.07057197107460524,0.004273291925465838,0.02776462159102179,0.0044672413793103456,0.014630802869803188,0.030759552720056524,0.04608886173250842,0.006390357875541372
782,3,782,latent_deficiency,latent_deficiency,M,69,0.0020136752136752137,0.9232066732325012,0.03396930389035653,0.0,0.001259259259259259,0.0,0.0,0.0018803418803418803,0.0,0.0012777777777777776,0.03639296874608803,0.0
783,2,783,folate_deficiency_anemia,anemia_other,F,69,0.028028107104551045,0.0032556318363957918,0.07698665339502778,0.03623397625351481,0.018580875674698703,0.2061690085290099,0.0644111674969562,0.12820665608608806,0.03191243568299852,0.036697578409702204,0.10505834600548028,0.26445956352557676
784,3,784,folate_deficiency_no_anemia,folate_deficiency_no_anemia,F,47,0.09816312332226955,0.05922921404881993,0.06260561446256943,0.013480215040546894,0.01059639630402523,0.1768426819001911,0.349646291775178,0.006964743405498123,0.02190023549072872,0.0063679843005326605,0.13825107136591272,0.055952428583727405
785,3,785,latent_deficiency,latent_deficiency,F,82,0.0,0.9106007272457086,0.06903801292987341,0.0,0.0015454545454545456,0.0,0.0,0.0,0.0,0.0012777777777777776,0.017538027501185396,0.0
786,1,786,B12_deficiency_anemia,B12_deficiency_anemia,M,83,0.0029974475398902058,0.0006027397260273972,0.0023076791845264752,0.7227882859071538,0.032339760805233646,0.054470622984157106,0.007578947368421053,0.002889060092449923,0.040358109785271705,0.005030329346438769,0.10218685872187676,0.02645015853855308
787,4,787,mixed_deficiency,mixed_deficiency,F,48,0.002650401589892546,0.0,0.009194522657754615,0.2837453647160337,0.02203493298066862,0.2689204219604404,0.024923532427382673,0.003875282607802031,0.01714559616341939,0.003515807803232301,0.32052556375266494,0.043468573340708756
788,3,788,B12_deficiency_no_anemia,B12_deficiency_no_anemia,F,41,0.15269136844344372,0.01920138268814084,0.005362643239113828,0.010273772762337959,0.7169290869463506,0.007016511033597364,0.054917148481453654,0.001331015380988862,0.010976846629062582,0.0,0.012004413594068765,0.00929581080144194
789,5,789,latent_deficiency,latent_deficiency,M,48,0.1885299444669217,0.36122368158101026,0.03177074219026357,0.0026235314544579224,0.07004350918745993,0.020665369165679955,0.15773316744980187,0.028487853451834116,0.013516771403033319,0.04480865516224387,0.07796274838147167,0.002634026105821855
790,3,790,latent_deficiency,latent_deficiency,M,67,0.042839458813903226,0.8373666712992336,0.0550916715948698,0.00043851286939942794,0.013800498195018527,0.0005700667302192563,0.006835343913052892,0.020426341959465435,0.004350574712643678,0.0,0.01469195521802621,0.003588904694167852
791,1,791,mixed_deficiency,mixed_deficiency,M,72,0.002723787850722835,0.0,0.002803339517625232,0.2922246545576434,0.013595081247255161,0.2572871301230888,0.007313174917654201,0.0038862745098039216,0.01883973132810133,0.0,0.3751258678592403,0.026200958088864724
792,2,792,mixed_deficiency,mixed_deficiency,M,86,0.0005152970633238689,0.002,0.00707380437847339,0.2835728942161256,0.019331189111328192,0.23101627585656875,0.022285509237649298,0.002266782911944202,0.011114748870609528,0.0,0.4128562380871533,0.007967260266824185
793,5,793,folate_deficiency_anemia,folate_deficiency_anemia,M,72,0.004929940593049642,0.003687087023913006,0.04796663816432931,0.04411650442700257,0.0065113871635610766,0.6655402087784813,0.0466041150111455,0.006774489759564385,0.005384627590885908,0.002742447184368015,0.11877997489046062,0.04696257941323888
794,2,794,latent_deficiency,latent_deficiency,M,64,0.07829581013577845,0.8134486843826355,0.037528184179166924,0.00041463414634146346,0.03370939915070275,0.0,0.02065424937485708,0.0023401376691193922,0.005905152647123583,0.0026071428571428574,0.00285,0.0022466054571317726
795,5,795,folate_deficiency_anemia,folate_deficiency_anemia,F,74,0.001441171122022186,0.0,0.002222233895702881,0.18445749216541787,0.0145940970372257,0.5637920056660292,0.028923090639067874,0.003508660464412677,0.01728304146383675,0.001349732232005083,0.15959865732399456,0.02282981799028549
796,3,796,iron_deficiency_anemia,iron_deficiency_anemia,F,81,0.0017087893864013268,0.006525286083425618,0.6454954015725305,0.015685509176884795,0.0012000000000000001,0.021198833243402087,0.0,0.05034067814491418,0.02557564638844473,0.028078398920126525,0.14117697272420454,0.0630144843596657
797,5,797,inflammation_anemia,inflammation_anemia,M,85,0.008690365907344394,0.0,0.06402218039187851,0.008039321774595619,0.005189012188466436,0.0037940921565795174,0.00391640905882089,0.044020565622242644,0.007014496107026479,0.7787473933552052,0.010674897356167496,0.06589126608167303
798,1,798,mixed_deficiency,mixed_deficiency,F,67,0.0,0.010198195709393183,0.26648314035416193,0.0009387755102040817,0.0,0.014684227088790495,0.004298685782556751,0.0,0.0,0.004741935483870968,0.6986550400710227,0.0
799,4,799,folate_deficiency_anemia,folate_deficiency_anemia,F,65,0.007718503384064024,0.00264,0.08218545436166,0.05413063074906839,0.007583363440090686,0.5683945365833366,0.016038709951386725,0.0025432432432432434,0.009692488554400509,0.08049589529530436,0.1511723216168793,0.01740485282056627
800,3,800,iron_deficiency_anemia,iron_deficiency_anemia,F,23,0.006886184362049636,0.03584930346083689,0.449113549047555,0.022127471331522312,0.00819063762839002,0.04064827403333731,0.00968590500571974,0.029883113207251136,0.006091630340017437,0.030069826175062556,0.32839398285907884,0.03306012254917916
801,5,801,no_anemia_no_deficiency,no_anemia_no_deficiency,F,51,0.674903624414801,0.07745689228235866,0.015943812958586084,0.0,0.018854130680120224,0.002866869447165369,0.10850713053965465,0.07557393735040967,0.005251074010506059,0.01592051008645018,0.0021649336966508776,0.0025570845332976815
802,1,802,B12_deficiency_anemia,B12_deficiency_anemia,F,81,0.002742857142857143,0.0,0.01593178064355969,0.7942486194224583,0.02420183847470204,0.01213100923583375,0.0008654124457308249,0.0028969696969696965,0.007713656808776067,0.0006133333333333332,0.1230503564202051,0.015604166375574378
803,3,803,no_anemia_no_deficiency,no_anemia_no_deficiency,F,47,0.6466229210428257,0.12943276573060947,0.0017163913969022975,0.0,0.030049669585749495,0.0,0.038397663506638834,0.10100090624963544,0.03451984062400989,0.001257142857142857,0.0022009147670869404,0.014801784239399327
804,3,804,mixed_deficiency,mixed_deficiency,F,87,0.0,0.008152290076335878,0.2535082971785664,0.054396907232088614,0.010683395308572714,0.01035548172757475,0.0014838709677419354,0.0,0.0010454545454545454,0.004792576692025724,0.650357417084211,0.005224309187428695
805,5,805,mixed_deficiency,B12_deficiency_anemia,F,67,0.0012669511616880038,0.0018907407407407406,0.037424144674292885,0.48336258773014434,0.02830740751375251,0.09175141871877797,0.0010187393526405453,0.0024197138314785375,0.006195566738557393,0.0015204349422410157,0.32143186246141375,0.023410432134272182
806,3,806,anemia_other,anemia_other,M,71,0.0805405636488256,0.002065705128205128,0.08484767538818606,0.0833921669412393,0.014225878266054029,0.04819304235564905,0.03532406616857553,0.06394339042185425,0.056856211252927065,0.0654731179269637,0.05368117342621571,0.41145700907530475
807,2,807,B12_deficiency_anemia,B12_deficiency_anemia,M,78,0.006648175288171658,0.0009032258064516129,0.006992596919479247,0.3877181928321232,0.001648953301127214,0.15366863963280092,0.011891235334713595,0.21105285931257417,0.013696659513380564,0.009306911878422936,0.13113801304357148,0.06533453713718342
808,2,808,inflammation_anemia,inflammation_anemia,M,64,0.12583917008132547,0.2512017324915546,0.05778633014855925,0.005318956972504155,0.026907650908958466,0.003378053830227743,0.03227810855716391,0.07586880478953409,0.015341122342612555,0.3652043978726258,0.02516278311628882,0.015712888888645218
809,4,809,iron_deficiency_anemia,iron_deficiency_anemia,M,76,0.026238233505123592,0.033303871352414256,0.6529402609931765,0.01738499253945317,0.009038984891831383,0.020940631121436414,0.008502600637319063,0.07675030830296521,0.013392523882462105,0.008729623741092596,0.0956833584404576,0.037094610592267964
810,1,810,B12_deficiency_no_anemia,B12_deficiency_no_anemia,F,45,0.10708386461179648,0.022145499239520163,0.004248169078194812,0.019663919515537642,0.6568085359203802,0.006408766233766234,0.14072916615302544,0.009479960101005248,0.01620791463706593,0.005188972332434993,0.00587200238910671,0.006163229788166114
811,4,811,mixed_deficiency,mixed_deficiency,F,89,0.0,0.00734291059628084,0.22356506308416063,0.04844382802255321,0.010954674379757622,0.001069767441860465,0.0,0.0059973671137605565,0.0038157894736842108,0.01850744049438346,0.6743597186601421,0.005943440733416734
812,1,812,B12_deficiency_anemia,B12_deficiency_anemia,F,78,0.0,0.0,0.00820215082732763,0.8087862751834868,0.00457487922705314,0.011201824924143716,0.0015294117647058824,0.0,0.0019411764705882352,0.00044776119402985075,0.14795848332024003,0.015358037088424857
813,3,813,B12_deficiency_anemia,B12_deficiency_anemia,F,31,0.0017386586899301526,0.0,0.010133112759798066,0.6715478841273125,0.022609783228792327,0.04899544109965152,0.004721966205837173,0.0038925888685159993,0.013428452385746779,0.01792535635915786,0.15516820257044792,0.0498385537048101
814,4,814,folate_deficiency_anemia,folate_deficiency_anemia,F,68,0.0015916093084234677,0.00045454545454545455,0.013438530883810086,0.1080313139809672,0.01107457028197982,0.6188582284429791,0.034165130054611116,0.007101571546732838,0.020724618436674995,0.018924048621868556,0.11967464011281706,0.045961192874590474
815,4,815,anemia_other,anemia_other,M,80,0.04448526928487637,0.0060852885174802985,0.03197252699647582,0.012661817087253464,0.0169341590056314,0.052227466300970124,0.017410927396998493,0.07555449400590888,0.028436502245113595,0.02016771569759833,0.013510650852609737,0.6805531826090832
816,2,816,inflammation_anemia,inflammation_anemia,M,41,0.27998183000761484,0.016207684334431535,0.016997241577354504,0.006991578146928378,0.016030302034796093,0.01340666276664399,0.05844503767807662,0.039228037235119854,0.015316384377324268,0.49402639833432366,0.006332888823694142,0.03703595468369201
817,5,817,B12_deficiency_anemia,B12_deficiency_anemia,F,67,0.0038303382907288216,0.0007838612174613932,0.027874423188702088,0.58603397089812,0.042751510145627815,0.06287865146825017,0.004708898944193062,0.0012432432432432433,0.016509430765332823,0.006067623659633345,0.22691231619591096,0.020405731982796303
818,1,818,anemia_other,anemia_other,M,44,0.01888539598342938,0.0033561664127780637,0.0352130820589938,0.0412498364088733,0.003548847926267281,0.03170035988794883,0.010713406825957507,0.07129931370896414,0.012717382692966883,0.0417077045436909,0.020822760396127963,0.7087857431540018
819,1,819,latent_deficiency,latent_deficiency,M,48,0.09938590160140355,0.7257031203355896,0.02746225820623537,0.0010714285714285715,0.018364877660832273,0.0,0.011061030905860943,0.09321470503500962,0.004490086535679529,0.0,0.010974969815176,0.008271621332784472
820,5,820,B6_deficiency,B6_deficiency,F,58,0.039510747098501706,0.012151184602661924,0.2269966099298893,0.018864228325138777,0.0018711484593837535,0.014461194908781743,0.015458722744357813,0.2867268952912489,0.03286150735466115,0.012786938008534586,0.07355912469133426,0.2647516985855061
821,4,821,latent_deficiency,no_anemia_no_deficiency,F,59,0.3798339612867399,0.2642902954531162,0.044845702918435475,0.0036339559250009004,0.10017785996035423,0.00495242782152231,0.09924165709637563,0.06099481489246412,0.005889406397945298,0.00835679737625996,0.004283480672077476,0.023499640199708675
822,2,822,B12_deficiency_no_anemia,B12_deficiency_no_anemia,F,37,0.03458651948184279,0.0035415906107792616,0.001,0.04314484332067195,0.7929880401467583,0.01823080842162578,0.06475894642224753,0.002,0.016393254089334976,0.0,0.017427274051943286,0.005928723454795953
823,3,823,anemia_other,anemia_other,M,84,0.0155768974426109,0.007766459033221351,0.08520148159504008,0.03545597063931055,0.006737049054935073,0.07189661301381635,0.0041857081728712015,0.06703086629276547,0.040983011378359184,0.0408324290331339,0.07117166726932474,0.5531618470746114
824,5,824,anemia_other,anemia_other,F,79,0.019969257928396898,0.004764391755670741,0.16424109150727598,0.016958107547027323,0.003243537414965987,0.057799239458610555,0.03769310695580669,0.15070285154402596,0.08368003757989985,0.04347537750459807,0.08112144690850112,0.33635155389522076
825,1,825,inflammation_anemia,inflammation_anemia,F,89,0.0018831567367263045,0.003688303671637005,0.01746547770631456,0.0016170002470966148,0.001450299170044393,0.0027061923583662716,0.002357437242412889,0.003850414284047147,0.0,0.9242960134396465,0.022651171125255956,0.018034534018452786
826,2,826,inflammation_anemia,inflammation_anemia,M,84,0.04274203710939007,0.006537571187974516,0.045181353873538874,0.006864359308082656,0.005555831265508686,0.013733390274846751,0.009143733906718696,0.038828754269724514,0.021291158818133857,0.6724444811396959,0.013882097370533471,0.12379523147585225
827,5,827,inflammation_anemia,inflammation_anemia,F,52,0.014523157740201237,0.0,0.056694161863769535,0.013814477263568615,0.0015757575757575756,0.10536697171037038,0.006997290467732125,0.052457134598502084,0.04707241042996224,0.49426881172711856,0.04634972980567965,0.16088009681733798
828,5,828,iron_deficiency_anemia,iron_deficiency_anemia,F,20,0.0014783625730994154,0.013204050544588687,0.8082518959259419,0.0015438596491228072,0.0,0.0017468354430379748,0.0,0.0,0.0,0.006741935483870968,0.1619508799399239,0.005082180440414193
829,3,829,mixed_deficiency,mixed_deficiency,F,37,0.0,0.01067606987272228,0.37135465220190644,0.007141904359674394,0.0013939393939393938,0.006314138058324105,0.0,0.0,0.0015333333333333332,0.03174871859950903,0.5634680352876027,0.006369208892988221
830,4,830,anemia_other,anemia_other,F,81,0.005005721969164327,0.0027768282073588864,0.012036080616323644,0.006427842742139405,0.001834142044776096,0.010918498146733442,0.0,0.012499915035817672,0.011066407972484347,0.0050785117993567275,0.011783171563669759,0.9205728799021756
831,3,831,anemia_other,anemia_other,F,62,0.02379187676289667,0.0043,0.06967522729419193,0.02133790987063072,0.003434109904068115,0.03976906033862406,0.005972908500257729,0.15137986567500625,0.03962950590465037,0.032790008707281514,0.02080510288392049,0.587114424158472
832,1,832,iron_deficiency_anemia,iron_deficiency_anemia,M,44,0.001352941176470588,0.18513238564111142,0.6618252722048639,0.0012777777777777776,0.0015454545454545456,0.0,0.0037268216163498097,0.004979092299847016,0.0,0.0032400330279733548,0.13605229718184977,0.0008679245283018867
833,4,833,no_anemia_no_deficiency,no_anemia_no_deficiency,F,35,0.5980273263591384,0.06255148382870769,0.0037338274855361654,0.003092572800001355,0.1357188967276529,0.004154121863799284,0.13153561803957858,0.018351507803393063,0.01905331281179753,0.004532379593472308,0.0046565656565656565,0.014592387030357241
834,4,834,B12_deficiency_no_anemia,B12_deficiency_no_anemia,F,47,0.08515129457505502,0.01188387581316652,0.005161111111111111,0.056370817158305074,0.6778946362879983,0.02384428898835652,0.10108177158176969,0.005455862068965518,0.008398692810457516,0.005147726282002433,0.012681351894241175,0.006928571428571429
835,1,835,iron_deficiency_anemia,latent_deficiency,M,70,0.02703785612642114,0.4012847280425272,0.32176354464013324,0.006148148148148148,0.010604567803563569,0.00588255397182629,0.023716912979311347,0.008792616984251227,0.007127446970600187,0.015737252619356247,0.16633089519734068,0.005573476516520464
836,1,836,anemia_other,anemia_other,F,29,0.03215529335833239,0.001577653867498216,0.05553323552854625,0.06951939837942754,0.010506847097841868,0.19942161271434575,0.022771188193226204,0.028802666323700574,0.10547075239967667,0.017417699774014587,0.0374477349397723,0.4193759174236177
837,4,837,latent_deficiency,latent_deficiency,F,47,0.09959066138127853,0.5144630415247932,0.05348768621753074,0.003612351005724167,0.09316911620047502,0.0,0.032516656717901354,0.13657466205462407,0.02434607603473317,0.013905440750680209,0.015383112556453048,0.012951195555806252
838,3,838,B12_deficiency_anemia,anemia_other,M,61,0.030816962871462773,0.0034591611847112637,0.09104576289145425,0.048462055639322106,0.01592349046027483,0.04853526951136231,0.033958746759993455,0.14289614300550518,0.11014905623944722,0.18736994263889642,0.07383068510163161,0.21355272369593833
839,2,839,inflammation_anemia,inflammation_anemia,F,82,0.005821558689991023,0.0,0.007653839083963505,0.0029910935180603665,0.0011304347826086956,0.005681822237827591,0.0050132827324478185,0.008757675700252059,0.0018207730812013349,0.9330378751087096,0.0046220151532196975,0.023469629911718595
